<?xml version="1.0" encoding="UTF-8"?>
<window id="113">
	<controls>
		<control type="group">
			<animation type="WindowOpen" reversible="false">
				<effect type="slide" start="0,-100" end="0,0" time="300" />
				<effect type="fade" start="0" end="100" time="300" />
			</animation>
			<animation type="WindowClose" reversible="false">
				<effect type="slide" start="0,0" end="0,-100" time="300" />
				<effect type="fade" delay="300" start="100" end="0" time="300" />
			</animation>
			<posx>1050</posx>
			<posy>-15</posy>
			<visible>!VideoPlayer.IsFullscreen</visible>
			<!-- Background Panel -->
			<control type="image">
				<description>background image</description>
				<posx>5</posx>
				<posy>-10</posy>
				<width>1100</width>
				<height>67</height>
				<texture flipx="true">dialogs/DialogBG_DropdownWide2.png</texture>
				<colordiffuse>DialogDropdownColor</colordiffuse>
			</control>
			<control type="label">
				<posx>25</posx>
				<posy>20</posy>
				<width>200</width>
				<height>22</height>
				<align>center</align>
				<aligny>center</aligny>
				<font>METF_DialogSmallBold</font>
				<label>$LOCALIZE[13376] $LOCALIZE[31133]</label>
				<textcolor>DialogTextFO</textcolor>
			</control>
		</control>
		<control type="group">
			<include>Animation_OpenCloseFade</include>
			<visible>VideoPlayer.IsFullscreen + !Window.IsActive(fullscreeninfo)</visible>
			<posx>1195</posx>
			<posy>65</posy>
			<control type="group">
				<control type="image">
					<description>background image</description>
					<posx>0</posx>
					<posy>0</posy>
					<width>60</width>
					<height>60</height>
					<texture>dialogs/DialogBG_Icon2.png</texture>
					<colordiffuse>DialogBackgroundColor</colordiffuse>
				</control>
				<control type="image">
					<description>Mute Icon</description>
					<posx>7</posx>
					<posy>5</posy>
					<width>50</width>
					<height>50</height>
					<aspectratio>keep</aspectratio>
					<texture>dialogs/Dialog_MuteIcon.png</texture>
				</control>
			</control>
		</control>
		<control type="group">
			<include>Animation_OpenCloseFade</include>
			<visible>VideoPlayer.IsFullscreen + Window.IsActive(fullscreeninfo)</visible>
			<posx>1195</posx>
			<posy>185</posy>
			<control type="group">
				<control type="image">
					<description>background image</description>
					<posx>0</posx>
					<posy>0</posy>
					<width>60</width>
					<height>60</height>
					<texture>dialogs/DialogBG_Icon2.png</texture>
					<colordiffuse>DialogBackgroundColor</colordiffuse>
				</control>
				<control type="image">
					<description>Mute Icon</description>
					<posx>7</posx>
					<posy>5</posy>
					<width>50</width>
					<height>50</height>
					<aspectratio>keep</aspectratio>
					<texture>dialogs/Dialog_MuteIcon.png</texture>
				</control>
			</control>
		</control>
		<include condition="Skin.HasSetting(DebugMode)">Debug</include>
	</controls>
</window>
