<?xml version="1.0" encoding="UTF-8"?>
<window id="115">
	<visible>[Window.IsActive(fullscreenvideo) | Window.IsActive(Visualisation)] + !Window.IsVisible(10153)</visible>
	<visible>![Window.IsActive(VideoOSD) | Window.IsActive(MusicOSD)] + !Window.IsActive(FullscreenInfo) + [!SubString(Window(Videos).Property(CinemaExperienceRunning),True) | [SubString(Window(Videos).Property(CinemaExperienceRunning),True) + !Player.Caching]] + [Player.Seeking | Player.DisplayAfterSeek | Player.Paused | Player.Forwarding | Player.Rewinding]</visible>
	<controls>
		<include>OSD_Player_Banner</include>
		<include>OSD_Player_Details</include>
		<include>OSD_Player_Time</include>
		<control type="group">
			<include condition="!Skin.HasSetting(Slim_Seekbar)">OSD_Progress_Bar2</include> 
			<include condition="Skin.HasSetting(Slim_Seekbar)">OSD_Progress_Bar3</include>
			<include condition="!Skin.HasSetting(Slim_Seekbar)">MediaInfo2</include>
			<visible>!Player.ShowInfo + !Window.IsActive(Visualisation)</visible>
		</control>
		<control type="group">
			<include>OSD_Progress_Bar3</include>
			<visible>Window.IsActive(Visualisation)</visible>
		</control>
		<include condition="Skin.HasSetting(DebugGrid)">Object_DebugGrid</include>
		<include condition="Skin.HasSetting(DebugMode)">Debug</include>
	</controls>
</window>
