<?xml version="1.0" encoding="UTF-8"?>
<window id="128">
	<defaultcontrol always="true">10</defaultcontrol>
	<coordinates>
		<system>1</system>
		<posx>0</posx>
		<posy>0</posy>
		<origin x="0" y="0" />
	</coordinates>
	<controls>
		<include>Global_Background</include>		
		<control type="group">
			<include>Animation_OpenCloseFade</include>
			<posy>50</posy>
			<control type="label" id="2">
				<description>Heading</description>
				<posx>460</posx>
				<posy>38</posy>
				<width>810</width>
				<height>38</height>
				<font>METF_TitleTextLarge</font>
				<textcolor>SettingsTitle</textcolor>
				<align>left</align>
				<aligny>center</aligny>
				<label>1007</label>
			</control>
			<control type="spincontrolex" id="10">
				<posx>440</posx>
				<posy>95</posy>
				<width>840</width>
				<height>38</height>
				<include>SettingsLabel</include>
				<onright>9000</onright>
				<onleft>9000</onleft>
				<onup>15</onup>
				<ondown>11</ondown>
			</control>
			<control type="label">
				<posx>460</posx>
				<posy>95</posy>
				<width>810</width>
				<height>38</height>
				<font>METF_ContextValue</font>
				<textcolor>ButtonText</textcolor>
				<align>left</align>
				<aligny>center</aligny>
				<label>1008</label>
				<visible>Control.HasFocus(10)</visible>
			</control>
			<control type="label">
				<posx>440</posx>
				<posy>95</posy>
				<width>810</width>
				<height>38</height>
				<include>SettingsLabel</include>
				<label>1008</label>
				<visible>!Control.HasFocus(10)</visible>
			</control>
			<control type="button" id="11">
				<posx>440</posx>
				<posy>133</posy>
				<width>620</width>
				<align>left</align>
				<label>-</label>
				<include>SettingsLabel</include>
				<onup>10</onup>
				<onleft>9000</onleft>
				<onright>12</onright>
				<ondown>16</ondown>
			</control>
			<control type="button" id="12">
				<posx>1100</posx>
				<posy>133</posy>
				<width>180</width>
				<align>right</align>
				<include>SettingsLabel</include>
				<label>$LOCALIZE[1024]</label>
				<onup>10</onup>
				<onleft>11</onleft>
				<onright>9000</onright>
				<ondown>16</ondown>
			</control>
			<control type="button" id="16">
				<description>Remote</description>
				<posx>440</posx>
				<posy>171</posy>
				<include>SettingsLabel</include>
				<label>-</label>
				<onup>11</onup>
				<onleft>9000</onleft>
				<onright>9000</onright>
				<ondown>13</ondown>
			</control>
			<control type="button" id="13">
				<description>Port</description>
				<posx>440</posx>
				<posy>209</posy>
				<include>SettingsLabel</include>
				<label>$LOCALIZE[1013]</label>
				<onup>16</onup>
				<onleft>9000</onleft>
				<onright>9000</onright>
				<ondown>14</ondown>
			</control>
			<control type="button" id="14">
				<description>Username</description>
				<posx>440</posx>
				<posy>247</posy>
				<include>SettingsLabel</include>
				<label>$LOCALIZE[1014]</label>
				<onup>13</onup>
				<onleft>9000</onleft>
				<onright>9000</onright>
				<ondown>15</ondown>
			</control>
			<control type="button" id="15">
				<description>password</description>
				<posx>440</posx>
				<posy>285</posy>
				<include>SettingsLabel</include>
				<label>$LOCALIZE[15052]</label>
				<onup>14</onup>
				<onleft>9000</onleft>
				<onright>9000</onright>
				<ondown>18</ondown>
			</control>
			<control type="group" id="9000">
				<control type="button" id="19">
					<description>Cancel</description>
					<posx>0</posx>
					<posy>95</posy>
					<include>SettingsLabelLeft</include>
					<label>222</label>
					<onleft>noop</onleft>
					<onright>10</onright>
					<onup>18</onup>
					<ondown>18</ondown>
				</control>
				<control type="button" id="18">
					<description>Ok</description>
					<posx>0</posx>
					<posy>133</posy>
					<include>SettingsLabelLeft</include>
					<label>186</label>
					<onleft>noop</onleft>
					<onright>10</onright>
					<onup>19</onup>
					<ondown>19</ondown>
				</control>
			</control>
		</control>
		<control type="group">
			<posx>30</posx>
			<posy>10</posy>
			<control type="label" id="411">
				<label>1023</label>
				<include>Global_HeadingSectionVars</include>
			</control>
			<include>Animation_SlideDownFadeOut</include>
		</control>
		<include>Global_Weather</include>
		<include>Global_Time</include>
		<include>Global_Music</include>
		<include condition="Skin.HasSetting(DebugMode)">Debug</include>
	</controls>
</window>
