<?xml version="1.0" encoding="UTF-8"?>
<includes>
	<include name="Global_Music">
		<control type="group">
			<visible>!Window.IsActive(visualisation) + !Window.IsActive(karaoke) + !SubString(Window(videolibrary).Property(TvTunesIsAlive),True)</visible>
			<control type="group" id="9904">
				<posx>20</posx>
				<posy>560</posy>
				<visible>Player.HasAudio + Skin.HasSetting(MusicCoverArtOverlay)</visible>
				<control type="image">
					<posx>18</posx>
					<posy>8</posy>
					<width>135</width>
					<height>135</height>
					<include>Animation_SpinningCD</include>
				</control>
				<control type="image">
					<description>cover image</description>
					<width>150</width>
					<height>150</height>
					<texture background="true">$INFO[MusicPlayer.Cover]</texture>
					<aspectratio aligny="bottom">scale</aspectratio>
					<bordertexture border="8">thumb_border.png</bordertexture>
					<bordersize>6</bordersize>
				</control>
			</control>
			<control type="group" id="9905">
				<posx>30</posx>
				<posy>560</posy>
				<animation effect="fade" time="200">VisibleChange</animation>
				<animation effect="slide" start="0,0" end="204,0" time="600" tween="cubic" easing="out" condition="Skin.HasSetting(MusicCoverArtOverlay)">Conditional</animation>
				<visible>Player.HasAudio + Skin.HasSetting(MusicSongInfoOverlay)</visible>
				<visible>![Control.IsVisible(9901) | Control.IsVisible(9902)] + [!Window.IsActive(home) | [!Skin.HasSetting(Home2) + ![Container(9000).Hasfocus(3) + [Skin.HasSetting(ShowMusicRecentlyAdded) | Skin.HasSetting(ShowMusicRandomItems) | Skin.HasSetting(ShowMusicWatchlist)]] + ![Container(9000).Hasfocus(4) + [Skin.HasSetting(ShowMoviesRecentlyAdded) | Skin.HasSetting(ShowMoviesRandomItems) | Skin.HasSetting(ShowMoviesWatchlist)]] + ![Container(9000).Hasfocus(5) + [Skin.HasSetting(ShowTVShowsRecentlyAdded) | Skin.HasSetting(ShowTVShowsRandomItems) | Skin.HasSetting(ShowTVShowsWatchlist)]] + ![Container(9000).Hasfocus(16) + [Skin.HasSetting(ShowMusicVideosRecentlyAdded) | Skin.HasSetting(ShowMusicVideosRandomItems)]] + ![Container(9000).HasFocus(1) + Skin.HasSetting(HomePrograms_IconShortcuts)] + ![Container(9000).HasFocus(7) + Skin.HasSetting(HomeWeather)]] | [Skin.HasSetting(Home2) + ![Container(9000).HasFocus(1) | Container(9000).HasFocus(2) | Container(9000).HasFocus(3) | Container(9000).HasFocus(4) | Container(9000).HasFocus(5) | [Container(9000).HasFocus(6) + Skin.HasSetting(HomePictures_Shortcuts)] | Container(9000).HasFocus(8) | Container(9000).HasFocus(9) | [Container(9000).HasFocus(7) + !Skin.HasSetting(NoSettings)] | [Container(9000).HasFocus(10) + Skin.HasSetting(HomeFavourites_Shortcuts)] | Container(9000).HasFocus(11) | Container(9000).HasFocus(16) | [Container(9000).HasFocus(17) + Skin.HasSetting(HomeGames_Shortcuts)]]]]</visible>
				<control type="label">
					<posx>0</posx>
					<posy>92</posy>
					<width>1000</width>
					<scrollout>false</scrollout>
					<pauseatend>1800</pauseatend>
					<scrollspeed>40</scrollspeed>
					<scroll>true</scroll>
					<font>METF_TitleTextMedium</font>
					<label>$INFO[MusicPlayer.Title]</label>
					<textcolor>NowPlayingDetails</textcolor>
					<animation effect="slide" end="0,26" condition="IsEmpty(MusicPlayer.Artist) + IsEmpty(MusicPlayer.Album)">Conditional</animation>
				</control>
				<control type="grouplist">
					<posx>0</posx>
					<posy>120</posy>
					<width>1000</width>
					<itemgap>10</itemgap>
					<align>left</align>
					<orientation>horizontal</orientation>
					<control type="label">
						<posx>0</posx>
						<posy>0</posy>
						<height>30</height>
						<aligny>center</aligny>
						<width min="10" max="1000">auto</width>
						<font>METF_DialogLarge</font>
						<label>$INFO[MusicPlayer.Artist]</label>
						<textcolor>NowPlayingTitle</textcolor>
					</control>
					<control type="label">
						<posx>0</posx>
						<posy>0</posy>
						<height>30</height>
						<aligny>center</aligny>
						<width min="10" max="1000">auto</width>
						<font>METF_DialogLarge</font>
						<label>$INFO[MusicPlayer.Album]</label>
						<textcolor>NowPlayingDetails</textcolor>
					</control>
				</control>
			</control>
		</control>
	</include>
</includes>
