<?xml version="1.0" encoding="UTF-8"?>
<includes>
	<variable name="NextAiredFanart">
		<value condition="Control.HasFocus(200)">$INFO[Container(200).ListItem.Property(Fanart)]</value>
		<value condition="Control.HasFocus(201)">$INFO[Container(201).ListItem.Property(Fanart)]</value>
		<value condition="Control.HasFocus(202)">$INFO[Container(202).ListItem.Property(Fanart)]</value>
		<value condition="Control.HasFocus(203)">$INFO[Container(203).ListItem.Property(Fanart)]</value>
		<value condition="Control.HasFocus(204)">$INFO[Container(204).ListItem.Property(Fanart)]</value>
		<value condition="Control.HasFocus(205)">$INFO[Container(205).ListItem.Property(Fanart)]</value>
		<value condition="Control.HasFocus(206)">$INFO[Container(206).ListItem.Property(Fanart)]</value>
	</variable>
	<variable name="GlobalSearchFanart">
		<value condition="Control.HasFocus(111)">$INFO[Container(111).ListItem.Property(Fanart_Image)]</value>
		<value condition="Control.HasFocus(121)">$INFO[Container(121).ListItem.Property(Fanart_Image)]</value>
		<value condition="Control.HasFocus(131)">$INFO[Container(131).ListItem.Property(Fanart_Image)]</value>
		<value condition="Control.HasFocus(141)">$INFO[Container(141).ListItem.Property(Fanart_Image)]</value>
		<value condition="Control.HasFocus(151)">$INFO[Container(151).ListItem.Property(Fanart_Image)]</value>
		<value condition="Control.HasFocus(161)">$INFO[Container(161).ListItem.Property(Fanart_Image)]</value>
		<value condition="Control.HasFocus(171)">$INFO[Container(171).ListItem.Property(Fanart_Image)]</value>
		<value condition="Control.HasFocus(181)">$INFO[Container(181).ListItem.Property(Fanart_Image)]</value>
	</variable>	

	<variable name="RatingColor">
		<value condition="!SubString(ListItem.Votes,$COMMA)">FFFF0000</value>
		<value condition="SubString(ListItem.Votes,1$COMMA,Left)">FFFF5555</value>
		<value condition="SubString(ListItem.Votes,2$COMMA,Left)">FFFFFF00</value>
		<value condition="SubString(ListItem.Votes,3$COMMA,Left)">FFFFFF00</value>
		<value condition="SubString(ListItem.Votes,4$COMMA,Left)">FFFFFF00</value>
		<value condition="SubString(ListItem.Votes,5$COMMA,Left)">FFFFFF00</value>
		<value condition="SubString(ListItem.Votes,$COMMA)">FF00FF00</value>
	</variable>

	<variable name="Weather_Icons_Current">
		<value condition="Skin.HasSetting(WeatherIcons2)">$INFO[Window(Weather).Property(Current.FanartCode),special://skin/extras/weather_icons2/,.png]</value>
		<value>$INFO[Window(Weather).Property(Current.FanartCode),special://skin/extras/weather_icons/,.png]</value>
	</variable>
	<variable name="Weather_Icons_Day0">
		<value condition="Skin.HasSetting(WeatherIcons2)">$INFO[Window(Weather).Property(Day0.FanartCode),special://skin/extras/weather_icons2/,.png]</value>
		<value>$INFO[Window(Weather).Property(Day0.FanartCode),special://skin/extras/weather_icons/,.png]</value>
	</variable>
	<variable name="Weather_Icons_Day1">
		<value condition="Skin.HasSetting(WeatherIcons2)">$INFO[Window(Weather).Property(Day1.FanartCode),special://skin/extras/weather_icons2/,.png]</value>
		<value>$INFO[Window(Weather).Property(Day1.FanartCode),special://skin/extras/weather_icons/,.png]</value>
	</variable>
	<variable name="Weather_Icons_Day2">
		<value condition="Skin.HasSetting(WeatherIcons2)">$INFO[Window(Weather).Property(Day2.FanartCode),special://skin/extras/weather_icons2/,.png]</value>
		<value>$INFO[Window(Weather).Property(Day2.FanartCode),special://skin/extras/weather_icons/,.png]</value>
	</variable>			
	<variable name="Weather_Icons_Day3">
		<value condition="Skin.HasSetting(WeatherIcons2)">$INFO[Window(Weather).Property(Day3.FanartCode),special://skin/extras/weather_icons2/,.png]</value>
		<value>$INFO[Window(Weather).Property(Day3.FanartCode),special://skin/extras/weather_icons/,.png]</value>
	</variable>
	<variable name="Weather_Icons_Day4">
		<value condition="Skin.HasSetting(WeatherIcons2)">$INFO[Window(Weather).Property(Day4.FanartCode),special://skin/extras/weather_icons2/,.png]</value>
		<value>$INFO[Window(Weather).Property(Day4.FanartCode),special://skin/extras/weather_icons/,.png]</value>
	</variable>
	<variable name="Weather_Icons_Day5">
		<value condition="Skin.HasSetting(WeatherIcons2)">$INFO[Window(Weather).Property(Day5.FanartCode),special://skin/extras/weather_icons2/,.png]</value>
		<value>$INFO[Window(Weather).Property(Day5.FanartCode),special://skin/extras/weather_icons/,.png]</value>
	</variable>
	<variable name="Weather_Icons_Day6">
		<value condition="Skin.HasSetting(WeatherIcons2)">$INFO[Window(Weather).Property(Day6.FanartCode),special://skin/extras/weather_icons2/,.png]</value>
		<value>$INFO[Window(Weather).Property(Day6.FanartCode),special://skin/extras/weather_icons/,.png]</value>
	</variable>
	<variable name="Weather_Icons_Hour1">
		<value condition="Skin.HasSetting(WeatherIcons2)">$INFO[Window(Weather).Property(Hourly.1.FanartCode),special://skin/extras/weather_icons2/,.png]</value>
		<value>$INFO[Window(Weather).Property(Hourly.1.FanartCode),special://skin/extras/weather_icons/,.png]</value>
	</variable>
	<variable name="Weather_Icons_Hour2">
		<value condition="Skin.HasSetting(WeatherIcons2)">$INFO[Window(Weather).Property(Hourly.2.FanartCode),special://skin/extras/weather_icons2/,.png]</value>
		<value>$INFO[Window(Weather).Property(Hourly.2.FanartCode),special://skin/extras/weather_icons/,.png]</value>
	</variable>
	<variable name="Weather_Icons_Hour3">
		<value condition="Skin.HasSetting(WeatherIcons2)">$INFO[Window(Weather).Property(Hourly.3.FanartCode),special://skin/extras/weather_icons2/,.png]</value>
		<value>$INFO[Window(Weather).Property(Hourly.3.FanartCode),special://skin/extras/weather_icons/,.png]</value>
	</variable>
	<variable name="Weather_Icons_Hour4">
		<value condition="Skin.HasSetting(WeatherIcons2)">$INFO[Window(Weather).Property(Hourly.4.FanartCode),special://skin/extras/weather_icons2/,.png]</value>
		<value>$INFO[Window(Weather).Property(Hourly.4.FanartCode),special://skin/extras/weather_icons/,.png]</value>
	</variable>
	<variable name="Weather_Icons_Hour5">
		<value condition="Skin.HasSetting(WeatherIcons2)">$INFO[Window(Weather).Property(Hourly.5.FanartCode),special://skin/extras/weather_icons2/,.png]</value>
		<value>$INFO[Window(Weather).Property(Hourly.5.FanartCode),special://skin/extras/weather_icons/,.png]</value>
	</variable>
	<variable name="Weather_Icons_Hour6">
		<value condition="Skin.HasSetting(WeatherIcons2)">$INFO[Window(Weather).Property(Hourly.6.FanartCode),special://skin/extras/weather_icons2/,.png]</value>
		<value>$INFO[Window(Weather).Property(Hourly.6.FanartCode),special://skin/extras/weather_icons/,.png]</value>
	</variable>
	<variable name="Weather_Icons_Hour7">
		<value condition="Skin.HasSetting(WeatherIcons2)">$INFO[Window(Weather).Property(Hourly.7.FanartCode),special://skin/extras/weather_icons2/,.png]</value>
		<value>$INFO[Window(Weather).Property(Hourly.7.FanartCode),special://skin/extras/weather_icons/,.png]</value>
	</variable>
	<variable name="Weather_Icons_Hour8">
		<value condition="Skin.HasSetting(WeatherIcons2)">$INFO[Window(Weather).Property(Hourly.8.FanartCode),special://skin/extras/weather_icons2/,.png]</value>
		<value>$INFO[Window(Weather).Property(Hourly.8.FanartCode),special://skin/extras/weather_icons/,.png]</value>
	</variable>
	<variable name="Weather_Icons_Hour9">
		<value condition="Skin.HasSetting(WeatherIcons2)">$INFO[Window(Weather).Property(Hourly.9.FanartCode),special://skin/extras/weather_icons2/,.png]</value>
		<value>$INFO[Window(Weather).Property(Hourly.9.FanartCode),special://skin/extras/weather_icons/,.png]</value>
	</variable>
	<variable name="Weather_Icons_Hour10">
		<value condition="Skin.HasSetting(WeatherIcons2)">$INFO[Window(Weather).Property(Hourly.10.FanartCode),special://skin/extras/weather_icons2/,.png]</value>
		<value>$INFO[Window(Weather).Property(Hourly.10.FanartCode),special://skin/extras/weather_icons/,.png]</value>
	</variable>
	<variable name="Weather_Icons_Hour11">
		<value condition="Skin.HasSetting(WeatherIcons2)">$INFO[Window(Weather).Property(Hourly.11.FanartCode),special://skin/extras/weather_icons2/,.png]</value>
		<value>$INFO[Window(Weather).Property(Hourly.11.FanartCode),special://skin/extras/weather_icons/,.png]</value>
	</variable>
	<variable name="Weather_Icons_Hour12">
		<value condition="Skin.HasSetting(WeatherIcons2)">$INFO[Window(Weather).Property(Hourly.12.FanartCode),special://skin/extras/weather_icons2/,.png]</value>
		<value>$INFO[Window(Weather).Property(Hourly.12.FanartCode),special://skin/extras/weather_icons/,.png]</value>
	</variable>
	<variable name="Weather_Icons_Hour13">
		<value condition="Skin.HasSetting(WeatherIcons2)">$INFO[Window(Weather).Property(Hourly.13.FanartCode),special://skin/extras/weather_icons2/,.png]</value>
		<value>$INFO[Window(Weather).Property(Hourly.13.FanartCode),special://skin/extras/weather_icons/,.png]</value>
	</variable>
	<variable name="Weather_Icons_Hour14">
		<value condition="Skin.HasSetting(WeatherIcons2)">$INFO[Window(Weather).Property(Hourly.14.FanartCode),special://skin/extras/weather_icons2/,.png]</value>
		<value>$INFO[Window(Weather).Property(Hourly.14.FanartCode),special://skin/extras/weather_icons/,.png]</value>
	</variable>
	<variable name="Weather_Icons_Hour15">
		<value condition="Skin.HasSetting(WeatherIcons2)">$INFO[Window(Weather).Property(Hourly.15.FanartCode),special://skin/extras/weather_icons2/,.png]</value>
		<value>$INFO[Window(Weather).Property(Hourly.15.FanartCode),special://skin/extras/weather_icons/,.png]</value>
	</variable>
	<variable name="Weather_Icons_Hour16">
		<value condition="Skin.HasSetting(WeatherIcons2)">$INFO[Window(Weather).Property(Hourly.16.FanartCode),special://skin/extras/weather_icons2/,.png]</value>
		<value>$INFO[Window(Weather).Property(Hourly.16.FanartCode),special://skin/extras/weather_icons/,.png]</value>
	</variable>
	<variable name="Weather_Icons_Hour17">
		<value condition="Skin.HasSetting(WeatherIcons2)">$INFO[Window(Weather).Property(Hourly.17.FanartCode),special://skin/extras/weather_icons2/,.png]</value>
		<value>$INFO[Window(Weather).Property(Hourly.17.FanartCode),special://skin/extras/weather_icons/,.png]</value>
	</variable>
	<variable name="Weather_Icons_Hour18">
		<value condition="Skin.HasSetting(WeatherIcons2)">$INFO[Window(Weather).Property(Hourly.18.FanartCode),special://skin/extras/weather_icons2/,.png]</value>
		<value>$INFO[Window(Weather).Property(Hourly.18.FanartCode),special://skin/extras/weather_icons/,.png]</value>
	</variable>
	<variable name="Weather_Icons_Hour19">
		<value condition="Skin.HasSetting(WeatherIcons2)">$INFO[Window(Weather).Property(Hourly.19.FanartCode),special://skin/extras/weather_icons2/,.png]</value>
		<value>$INFO[Window(Weather).Property(Hourly.19.FanartCode),special://skin/extras/weather_icons/,.png]</value>
	</variable>
	<variable name="Weather_Icons_Hour20">
		<value condition="Skin.HasSetting(WeatherIcons2)">$INFO[Window(Weather).Property(Hourly.20.FanartCode),special://skin/extras/weather_icons2/,.png]</value>
		<value>$INFO[Window(Weather).Property(Hourly.20.FanartCode),special://skin/extras/weather_icons/,.png]</value>
	</variable>
	<variable name="Weather_Icons_Hour21">
		<value condition="Skin.HasSetting(WeatherIcons2)">$INFO[Window(Weather).Property(Hourly.21.FanartCode),special://skin/extras/weather_icons2/,.png]</value>
		<value>$INFO[Window(Weather).Property(Hourly.21.FanartCode),special://skin/extras/weather_icons/,.png]</value>
	</variable>
	<variable name="Weather_Icons_Hour22">
		<value condition="Skin.HasSetting(WeatherIcons2)">$INFO[Window(Weather).Property(Hourly.22.FanartCode),special://skin/extras/weather_icons2/,.png]</value>
		<value>$INFO[Window(Weather).Property(Hourly.22.FanartCode),special://skin/extras/weather_icons/,.png]</value>
	</variable>
	<variable name="Weather_Icons_Hour23">
		<value condition="Skin.HasSetting(WeatherIcons2)">$INFO[Window(Weather).Property(Hourly.23.FanartCode),special://skin/extras/weather_icons2/,.png]</value>
		<value>$INFO[Window(Weather).Property(Hourly.23.FanartCode),special://skin/extras/weather_icons/,.png]</value>
	</variable>
	<variable name="Weather_Icons_Hour24">
		<value condition="Skin.HasSetting(WeatherIcons2)">$INFO[Window(Weather).Property(Hourly.24.FanartCode),special://skin/extras/weather_icons2/,.png]</value>
		<value>$INFO[Window(Weather).Property(Hourly.24.FanartCode),special://skin/extras/weather_icons/,.png]</value>
	</variable>
	<variable name="Weather_Icons_Hour25">
		<value condition="Skin.HasSetting(WeatherIcons2)">$INFO[Window(Weather).Property(Hourly.25.FanartCode),special://skin/extras/weather_icons2/,.png]</value>
		<value>$INFO[Window(Weather).Property(Hourly.25.FanartCode),special://skin/extras/weather_icons/,.png]</value>
	</variable>
	<variable name="Weather_Icons_Hour26">
		<value condition="Skin.HasSetting(WeatherIcons2)">$INFO[Window(Weather).Property(Hourly.26.FanartCode),special://skin/extras/weather_icons2/,.png]</value>
		<value>$INFO[Window(Weather).Property(Hourly.26.FanartCode),special://skin/extras/weather_icons/,.png]</value>
	</variable>
	<variable name="Weather_Icons_Hour27">
		<value condition="Skin.HasSetting(WeatherIcons2)">$INFO[Window(Weather).Property(Hourly.27.FanartCode),special://skin/extras/weather_icons2/,.png]</value>
		<value>$INFO[Window(Weather).Property(Hourly.27.FanartCode),special://skin/extras/weather_icons/,.png]</value>
	</variable>
	<variable name="Weather_Icons_Hour28">
		<value condition="Skin.HasSetting(WeatherIcons2)">$INFO[Window(Weather).Property(Hourly.28.FanartCode),special://skin/extras/weather_icons2/,.png]</value>
		<value>$INFO[Window(Weather).Property(Hourly.28.FanartCode),special://skin/extras/weather_icons/,.png]</value>
	</variable>
	<variable name="Weather_Icons_Hour29">
		<value condition="Skin.HasSetting(WeatherIcons2)">$INFO[Window(Weather).Property(Hourly.29.FanartCode),special://skin/extras/weather_icons2/,.png]</value>
		<value>$INFO[Window(Weather).Property(Hourly.29.FanartCode),special://skin/extras/weather_icons/,.png]</value>
	</variable>
	<variable name="Weather_Icons_Hour30">
		<value condition="Skin.HasSetting(WeatherIcons2)">$INFO[Window(Weather).Property(Hourly.30.FanartCode),special://skin/extras/weather_icons2/,.png]</value>
		<value>$INFO[Window(Weather).Property(Hourly.30.FanartCode),special://skin/extras/weather_icons/,.png]</value>
	</variable>
	<variable name="Weather_Icons_Hour31">
		<value condition="Skin.HasSetting(WeatherIcons2)">$INFO[Window(Weather).Property(Hourly.31.FanartCode),special://skin/extras/weather_icons2/,.png]</value>
		<value>$INFO[Window(Weather).Property(Hourly.31.FanartCode),special://skin/extras/weather_icons/,.png]</value>
	</variable>
	<variable name="Weather_Icons_Hour32">
		<value condition="Skin.HasSetting(WeatherIcons2)">$INFO[Window(Weather).Property(Hourly.32.FanartCode),special://skin/extras/weather_icons2/,.png]</value>
		<value>$INFO[Window(Weather).Property(Hourly.32.FanartCode),special://skin/extras/weather_icons/,.png]</value>
	</variable>
	<variable name="Weather_Icons_Hour33">
		<value condition="Skin.HasSetting(WeatherIcons2)">$INFO[Window(Weather).Property(Hourly.33.FanartCode),special://skin/extras/weather_icons2/,.png]</value>
		<value>$INFO[Window(Weather).Property(Hourly.33.FanartCode),special://skin/extras/weather_icons/,.png]</value>
	</variable>
	<variable name="Weather_Icons_Hour34">
		<value condition="Skin.HasSetting(WeatherIcons2)">$INFO[Window(Weather).Property(Hourly.34.FanartCode),special://skin/extras/weather_icons2/,.png]</value>
		<value>$INFO[Window(Weather).Property(Hourly.34.FanartCode),special://skin/extras/weather_icons/,.png]</value>
	</variable>
	<variable name="Weather_Icons_Hour35">
		<value condition="Skin.HasSetting(WeatherIcons2)">$INFO[Window(Weather).Property(Hourly.35.FanartCode),special://skin/extras/weather_icons2/,.png]</value>
		<value>$INFO[Window(Weather).Property(Hourly.35.FanartCode),special://skin/extras/weather_icons/,.png]</value>
	</variable>
	<variable name="Weather_Icons_Hour36">
		<value condition="Skin.HasSetting(WeatherIcons2)">$INFO[Window(Weather).Property(Hourly.36.FanartCode),special://skin/extras/weather_icons2/,.png]</value>
		<value>$INFO[Window(Weather).Property(Hourly.36.FanartCode),special://skin/extras/weather_icons/,.png]</value>
	</variable>
	<variable name="Weather_Icons_36Hr1">
		<value condition="Skin.HasSetting(WeatherIcons2)">$INFO[Window(Weather).Property(36Hour.1.FanartCode),special://skin/extras/weather_icons2/,.png]</value>
		<value>$INFO[Window(Weather).Property(36Hour.1.FanartCode),special://skin/extras/weather_icons/,.png]</value>
	</variable>
	<variable name="Weather_Icons_36Hr2">
		<value condition="Skin.HasSetting(WeatherIcons2)">$INFO[Window(Weather).Property(36Hour.2.FanartCode),special://skin/extras/weather_icons2/,.png]</value>
		<value>$INFO[Window(Weather).Property(36Hour.2.FanartCode),special://skin/extras/weather_icons/,.png]</value>
	</variable>
	<variable name="Weather_Icons_36Hr3">
		<value condition="Skin.HasSetting(WeatherIcons2)">$INFO[Window(Weather).Property(36Hour.3.FanartCode),special://skin/extras/weather_icons2/,.png]</value>
		<value>$INFO[Window(Weather).Property(36Hour.3.FanartCode),special://skin/extras/weather_icons/,.png]</value>
	</variable>
	<variable name="Weather_Icons_Weekend1">
		<value condition="Skin.HasSetting(WeatherIcons2)">$INFO[Window(Weather).Property(Weekend.1.FanartCode),special://skin/extras/weather_icons2/,.png]</value>
		<value>$INFO[Window(Weather).Property(Weekend.1.FanartCode),special://skin/extras/weather_icons/,.png]</value>
	</variable>
	<variable name="Weather_Icons_Weekend2">
		<value condition="Skin.HasSetting(WeatherIcons2)">$INFO[Window(Weather).Property(Weekend.2.FanartCode),special://skin/extras/weather_icons2/,.png]</value>
		<value>$INFO[Window(Weather).Property(Weekend.2.FanartCode),special://skin/extras/weather_icons/,.png]</value>
	</variable>
	<constant name="WeatherHomeLeft">325</constant>
	<constant name="WeatherHomeTop">555</constant>
	<constant name="WeatherHomeHeight">160</constant>
	<constant name="WeatherHomeWidth">150</constant>
	<constant name="WeatherPanelLeft">210</constant>
	<constant name="Weather7DayWidth">147</constant>
	<constant name="Weather7DayHeight">485</constant>
	<constant name="Weather12HourWidth">172</constant>
	<constant name="Weather12HourHeight">235</constant>
	<constant name="Weather36HourPanelLeft">300</constant>
	<constant name="Weather36HourWidth">103</constant>
	<constant name="Weather36HourHeight">120</constant>
	<constant name="WeatherWeekendWidth">525</constant>
	<constant name="WeatherWeekendHeight">485</constant>
	<constant name="WeatherMapHeight">490</constant>
	<constant name="WeatherMapWidth">1080</constant>
	<variable name="PlotBox_Text">
		<!-- Videos -->
		<value condition="[Container.Content(Movies) + [!Skin.HasSetting(Show_PlotOutline) | IsEmpty(ListItem.PlotOutline)]] | Container.Content(TVShows) | Container.Content(Episodes) | Container.Content(MusicVideos) | SubString(Container.FolderPath,plugin)">$INFO[ListItem.Plot]</value>
		<value condition="Container.Content(Movies) + Skin.HasSetting(Show_PlotOutline) + !IsEmpty(ListItem.PlotOutline)">$INFO[ListItem.PlotOutline]</value>
		<value condition="Container.Content(Seasons)">$INFO[Container.ShowPlot]</value>
		<!-- Music -->
		<value condition="!IsEmpty(ListItem.Property(Artist_Description)) + IsEmpty(ListItem.Property(Album_Description))">$INFO[ListItem.Property(Artist_Description)]</value>
		<value condition="!IsEmpty(ListItem.Property(Album_Description))">$INFO[ListItem.Property(Album_Description)]</value>
		<!-- Addons -->
		<value condition="!IsEmpty(ListItem.Property(Addon.Description))">$INFO[ListItem.Property(Addon.Description)]</value>
		<!-- Video Genres -->
		<value condition="StringCompare(ListItem.Label,Action)">$LOCALIZE[31343]</value>
		<value condition="StringCompare(ListItem.Label,Adventure)">$LOCALIZE[31344]</value>
		<value condition="StringCompare(ListItem.Label,Action And Adventure)">$LOCALIZE[31345]</value>
		<value condition="StringCompare(ListItem.Label,Adult)">$LOCALIZE[31346]</value>
		<value condition="StringCompare(ListItem.Label,Animation)">$LOCALIZE[31347]</value>
		<value condition="StringCompare(ListItem.Label,Anime)">$LOCALIZE[31348]</value>
		<value condition="StringCompare(ListItem.Label,Biography)">$LOCALIZE[31349]</value>
		<value condition="StringCompare(ListItem.Label,Bollywood)">$LOCALIZE[31350]</value>
		<value condition="StringCompare(ListItem.Label,Children)">$LOCALIZE[31351]</value>
		<value condition="StringCompare(ListItem.Label,Christmas)">$LOCALIZE[31352]</value>
		<value condition="StringCompare(ListItem.Label,Comedy)">$LOCALIZE[31353]</value>
		<value condition="StringCompare(ListItem.Label,Concert)">$LOCALIZE[31354]</value>
		<value condition="StringCompare(ListItem.Label,Crime)">$LOCALIZE[31355]</value>
		<value condition="StringCompare(ListItem.Label,Disaster)">$LOCALIZE[31356]</value>
		<value condition="StringCompare(ListItem.Label,Documentary)">$LOCALIZE[31357]</value>
		<value condition="StringCompare(ListItem.Label,Drama)">$LOCALIZE[31358]</value>
		<value condition="StringCompare(ListItem.Label,Epic)">$LOCALIZE[31397]</value>
		<value condition="StringCompare(ListItem.Label,Family)">$LOCALIZE[31359]</value>
		<value condition="StringCompare(ListItem.Label,Fantasy)">$LOCALIZE[31360]</value>
		<value condition="StringCompare(ListItem.Label,Film Noir) | StringCompare(ListItem.Label,Neo-Noir)">$LOCALIZE[31361]</value>
		<value condition="StringCompare(ListItem.Label,Foreign)">$LOCALIZE[31466]</value>
		<value condition="StringCompare(ListItem.Label,Game Show)">$LOCALIZE[31362]</value>
		<value condition="StringCompare(ListItem.Label,Hentai)">$LOCALIZE[31364]</value>
		<value condition="StringCompare(ListItem.Label,History)">$LOCALIZE[31365]</value>
		<value condition="StringCompare(ListItem.Label,Holiday)">$LOCALIZE[31467]</value>
		<value condition="StringCompare(ListItem.Label,Horror)">$LOCALIZE[31367]</value>
		<value condition="StringCompare(ListItem.Label,Independent) | StringCompare(ListItem.Label,Indie)">$LOCALIZE[31368]</value>
		<value condition="StringCompare(ListItem.Label,Interview)">$LOCALIZE[31369]</value>
		<value condition="StringCompare(ListItem.Label,Martial Arts)">$LOCALIZE[31370]</value>
		<value condition="StringCompare(ListItem.Label,Mini-Series) | StringCompare(ListItem.Label,Mini-TV-Series)">$LOCALIZE[31371]</value>
		<value condition="StringCompare(ListItem.Label,Monster)">$LOCALIZE[31372]</value>
		<value condition="StringCompare(ListItem.Label,Music)">$LOCALIZE[31373]</value>
		<value condition="StringCompare(ListItem.Label,Musical)">$LOCALIZE[31374]</value>
		<value condition="StringCompare(ListItem.Label,Mystery)">$LOCALIZE[31375]</value>
		<value condition="StringCompare(ListItem.Label,Nature)">$LOCALIZE[31376]</value>
		<value condition="StringCompare(ListItem.Label,News)">$LOCALIZE[31377]</value>
		<value condition="StringCompare(ListItem.Label,Post-Apocalypse)">$LOCALIZE[31378]</value>
		<value condition="StringCompare(ListItem.Label,Reality)">$LOCALIZE[31379]</value>
		<value condition="StringCompare(ListItem.Label,Romance)">$LOCALIZE[31381]</value>
		<value condition="StringCompare(ListItem.Label,Sci-Fi) | StringCompare(ListItem.Label,Science Fiction) | StringCompare(ListItem.Label,Science-Fiction)">$LOCALIZE[31382]</value>
		<value condition="StringCompare(ListItem.Label,Short)">$LOCALIZE[31383]</value>
		<value condition="StringCompare(ListItem.Label,Silent)">$LOCALIZE[31398]</value>
		<value condition="StringCompare(ListItem.Label,Soap)">$LOCALIZE[31384]</value>
		<value condition="StringCompare(ListItem.Label,Sport)">$LOCALIZE[31386]</value>
		<value condition="StringCompare(ListItem.Label,Spy)">$LOCALIZE[31387]</value>
		<value condition="StringCompare(ListItem.Label,Stageplay)">$LOCALIZE[31388]</value>
		<value condition="StringCompare(ListItem.Label,Stand-Up)">$LOCALIZE[31389]</value>
		<value condition="StringCompare(ListItem.Label,Superhero) | StringCompare(ListItem.Label,Comics)">$LOCALIZE[31390]</value>
		<value condition="StringCompare(ListItem.Label,Supernatural)">$LOCALIZE[31391]</value>
		<value condition="StringCompare(ListItem.Label,Talk Show)">$LOCALIZE[31392]</value>
		<value condition="StringCompare(ListItem.Label,Thriller) | StringCompare(ListItem.Label,Suspense)">$LOCALIZE[31393]</value>
		<value condition="StringCompare(ListItem.Label,War)">$LOCALIZE[31394]</value>
		<value condition="StringCompare(ListItem.Label,Western)">$LOCALIZE[31395]</value>
		<value condition="StringCompare(ListItem.Label,Wrestling)">$LOCALIZE[31396]</value>
	</variable>
	<variable name="MediaFlag_VideoResolution">
		<value condition="IsEmpty(ListItem.VideoResolution)">$INFO[VideoPlayer.VideoResolution,flags/VideoResolution/,.png]</value>
		<value>$INFO[ListItem.VideoResolution,flags/VideoResolution/,.png]</value>
	</variable>
	<variable name="MediaFlag_VideoAspect">
		<value condition="IsEmpty(ListItem.VideoAspect)">$INFO[VideoPlayer.VideoAspect,flags/VideoAspect/,.png]</value>
		<value>$INFO[ListItem.VideoAspect,flags/VideoAspect/,.png]</value>
	</variable>
	<variable name="MediaFlag_VideoCodec">
		<value condition="IsEmpty(ListItem.VideoCodec)">$INFO[VideoPlayer.VideoCodec,flags/VideoCodec/,.png]</value>
		<value>$INFO[ListItem.VideoCodec,flags/VideoCodec/,.png]</value>
	</variable>
	<variable name="MediaFlag_AudioCodec">
		<value condition="IsEmpty(ListItem.AudioCodec)">$INFO[VideoPlayer.AudioCodec,flags/AudioCodec/,.png]</value>
		<value>$INFO[ListItem.AudioCodec,flags/AudioCodec/,.png]</value>
	</variable>
	<variable name="MediaFlag_AudioChannels">
		<value condition="IsEmpty(ListItem.AudioChannels)">$INFO[VideoPlayer.AudioChannels,flags/AudioChannels/,ch.png]</value>
		<value>$INFO[ListItem.AudioChannels,flags/AudioChannels/,ch.png]</value>
	</variable>
	<variable name="MediaFlag_MPAA">
		<!-- US (IMDB) -->
		<value condition="[!IsEmpty(ListItem.mpaa) + SubString(ListItem.mpaa,Rated R,Left)] | [IsEmpty(ListItem.mpaa) + SubString(VideoPlayer.mpaa,Rated R,Left)]">flags/Rating/mpaa_r.png</value>
		<value condition="[!IsEmpty(ListItem.mpaa) + SubString(ListItem.mpaa,Rated PG-13,Left)] | [IsEmpty(ListItem.mpaa) + SubString(VideoPlayer.mpaa,Rated PG-13,Left)]">flags/Rating/mpaa_pg13.png</value>
		<value condition="[!IsEmpty(ListItem.mpaa) + SubString(ListItem.mpaa,Rated PG,Left)] | [IsEmpty(ListItem.mpaa) + SubString(VideoPlayer.mpaa,Rated PG,Left)]">flags/Rating/mpaa_pg.png</value>
		<value condition="[!IsEmpty(ListItem.mpaa) + SubString(ListItem.mpaa,Rated NC,Left)] | [IsEmpty(ListItem.mpaa) + SubString(VideoPlayer.mpaa,Rated NC,Left)]">flags/Rating/mpaa_nc17.png</value>
		<value condition="[!IsEmpty(ListItem.mpaa) + SubString(ListItem.mpaa,Rated G,Left)] | [IsEmpty(ListItem.mpaa) + SubString(VideoPlayer.mpaa,Rated G,Left)]">flags/Rating/mpaa_general.png</value>
		<!-- US (TMDB) -->
		<value condition="[!IsEmpty(ListItem.mpaa) + StringCompare(ListItem.mpaa,R)] | [IsEmpty(ListItem.mpaa) + StringCompare(VideoPlayer.mpaa,R)]">flags/Rating/mpaa_r.png</value>
		<value condition="[!IsEmpty(ListItem.mpaa) + StringCompare(ListItem.mpaa,PG-13)] | [IsEmpty(ListItem.mpaa) + StringCompare(VideoPlayer.mpaa,PG-13)]">flags/Rating/mpaa_pg13.png</value>
		<value condition="[!IsEmpty(ListItem.mpaa) + StringCompare(ListItem.mpaa,PG)] | [IsEmpty(ListItem.mpaa) + StringCompare(VideoPlayer.mpaa,PG)]">flags/Rating/mpaa_pg.png</value>
		<value condition="[!IsEmpty(ListItem.mpaa) + StringCompare(ListItem.mpaa,NC-17)] | [IsEmpty(ListItem.mpaa) + StringCompare(VideoPlayer.mpaa,NC-17)]">flags/Rating/mpaa_nc17.png</value>
		<value condition="[!IsEmpty(ListItem.mpaa) + StringCompare(ListItem.mpaa,G)] | [IsEmpty(ListItem.mpaa) + StringCompare(VideoPlayer.mpaa,G)]">flags/Rating/mpaa_general.png</value>
		<!-- US (TV) -->
		<value condition="!IsEmpty(ListItem.mpaa) + SubString(ListItem.mpaa,TV-)">$INFO[ListItem.mpaa,flags/Rating/,.png]</value>
		<value condition="IsEmpty(ListItem.mpaa) + SubString(VideoPlayer.mpaa,TV-)">$INFO[VideoPlayer.mpaa,flags/Rating/,.png]</value>

		<!-- Germany -->
		<value condition="[!IsEmpty(ListItem.mpaa) + SubString(ListItem.mpaa,Germany:0)] | [IsEmpty(ListItem.mpaa) + SubString(VideoPlayer.mpaa,Germany:0)]">flags/Rating/germany_0.png</value>
		<value condition="[!IsEmpty(ListItem.mpaa) + SubString(ListItem.mpaa,Germany:6)] | [IsEmpty(ListItem.mpaa) + SubString(VideoPlayer.mpaa,Germany:6)]">flags/Rating/germany_6.png</value>
		<value condition="[!IsEmpty(ListItem.mpaa) + SubString(ListItem.mpaa,Germany:12)] | [IsEmpty(ListItem.mpaa) + SubString(VideoPlayer.mpaa,Germany:12)]">flags/Rating/germany_12.png</value>
		<value condition="[!IsEmpty(ListItem.mpaa) + SubString(ListItem.mpaa,Germany:16)] | [IsEmpty(ListItem.mpaa) + SubString(VideoPlayer.mpaa,Germany:16)]">flags/Rating/germany_16.png</value>
		<value condition="[!IsEmpty(ListItem.mpaa) + SubString(ListItem.mpaa,Germany:18)] | [IsEmpty(ListItem.mpaa) + SubString(VideoPlayer.mpaa,Germany:18)]">flags/Rating/germany_18.png</value>
		<!-- Australia -->
		<value condition="[!IsEmpty(ListItem.mpaa) + SubString(ListItem.mpaa,Australia:R)] | [IsEmpty(ListItem.mpaa) + SubString(VideoPlayer.mpaa,Australia:R)]">flags/Rating/australia_r.png</value>
		<value condition="[!IsEmpty(ListItem.mpaa) + SubString(ListItem.mpaa,Australia:MA)] | [IsEmpty(ListItem.mpaa) + SubString(VideoPlayer.mpaa,Australia:MA)]">flags/Rating/australia_ma.png</value>
		<value condition="[!IsEmpty(ListItem.mpaa) + SubString(ListItem.mpaa,Australia:M)] | [IsEmpty(ListItem.mpaa) + SubString(VideoPlayer.mpaa,Australia:M)]">flags/Rating/australia_m.png</value>
		<value condition="[!IsEmpty(ListItem.mpaa) + SubString(ListItem.mpaa,Australia:PG)] | [IsEmpty(ListItem.mpaa) + SubString(VideoPlayer.mpaa,Australia:PG)]">flags/Rating/australia_pg.png</value>
		<value condition="[!IsEmpty(ListItem.mpaa) + SubString(ListItem.mpaa,Australia:G)] | [IsEmpty(ListItem.mpaa) + SubString(VideoPlayer.mpaa,Australia:G)]">flags/Rating/australia_g.png</value>
		<value condition="[!IsEmpty(ListItem.mpaa) + SubString(ListItem.mpaa,Australia:E)] | [IsEmpty(ListItem.mpaa) + SubString(VideoPlayer.mpaa,Australia:E)]">flags/Rating/australia_e.png</value>
		<value condition="[!IsEmpty(ListItem.mpaa) + SubString(ListItem.mpaa,Australia:X)] | [IsEmpty(ListItem.mpaa) + SubString(VideoPlayer.mpaa,Australia:X)]">flags/Rating/australia_x.png</value>
		<!-- United Kingdom -->
		<value condition="[!IsEmpty(ListItem.mpaa) + SubString(ListItem.mpaa,UK:U)] | [IsEmpty(ListItem.mpaa) + SubString(VideoPlayer.mpaa,UK:U)]">flags/Rating/bbfc_u.png</value>
		<value condition="[!IsEmpty(ListItem.mpaa) + SubString(ListItem.mpaa,UK:PG)] | [IsEmpty(ListItem.mpaa) + SubString(VideoPlayer.mpaa,UK:PG)]">flags/Rating/bbfc_pg.png</value>
		<value condition="[!IsEmpty(ListItem.mpaa) + SubString(ListItem.mpaa,UK:12A)] | [IsEmpty(ListItem.mpaa) + SubString(VideoPlayer.mpaa,UK:12A)]">flags/Rating/bbfc_12a.png</value>
		<value condition="[!IsEmpty(ListItem.mpaa) + SubString(ListItem.mpaa,UK:12)] | [IsEmpty(ListItem.mpaa) + SubString(VideoPlayer.mpaa,UK:12)]">flags/Rating/bbfc_12.png</value>
		<value condition="[!IsEmpty(ListItem.mpaa) + SubString(ListItem.mpaa,UK:15)] | [IsEmpty(ListItem.mpaa) + SubString(VideoPlayer.mpaa,UK:15)]">flags/Rating/bbfc_15.png</value>
		<value condition="[!IsEmpty(ListItem.mpaa) + SubString(ListItem.mpaa,UK:18)] | [IsEmpty(ListItem.mpaa) + SubString(VideoPlayer.mpaa,UK:18)]">flags/Rating/bbfc_18.png</value>
		<value condition="[!IsEmpty(ListItem.mpaa) + SubString(ListItem.mpaa,UK:X)] | [IsEmpty(ListItem.mpaa) + SubString(VideoPlayer.mpaa,UK:X)]">flags/Rating/bbfc_r18.png</value>
		<value>flags/Rating/NoRating.png</value>
	</variable>
	<variable name="PosterThumb">
		<value condition="!SubString(Container.FolderPath,plugin)">$INFO[ListItem.Art(poster)]</value>
		<value condition="SubString(Container.FolderPath,plugin)">$INFO[ListItem.Icon]</value>
	</variable>
	<variable name="LandscapeFanart">
		<!-- control 52 is the Landscape Viewtype, where Landscape images are always preferred -->
		<value condition="!IsEmpty(ListItem.Art(landscape)) + !StringCompare(ListItem.Art(landscape),-) + [Skin.HasSetting(ViewPreferLandscape) | Control.IsVisible(52)]">$INFO[ListItem.Art(landscape)]</value>
		<value>$INFO[ListItem.Art(fanart)]</value>
	</variable>
	<variable name="ListClearartClearlogo">
		<value condition="[!IsEmpty(ListItem.Art(clearlogo)) + !StringCompare(ListItem.Art(clearlogo),-) + Skin.HasSetting(ViewPreferClearLogo)] | IsEmpty(ListItem.Art(clearart)) | StringCompare(ListItem.Art(clearart),-)">$INFO[ListItem.Art(clearlogo)]</value>
		<value>$INFO[ListItem.Art(clearart)]</value>
	</variable>
	<variable name="PlayerTVShowClearartClearlogo">
		<value condition="[!IsEmpty(Player.Art(tvshow.clearlogo)) + !StringCompare(Player.Art(tvshow.clearlogo),-) + Skin.HasSetting(ViewPreferClearLogo)] | IsEmpty(Player.Art(tvshow.clearlogo)) | StringCompare(Player.Art(tvshow.clearart),-)">$INFO[Player.Art(tvshow.clearlogo)]</value>
		<value>$INFO[Player.Art(tvshow.clearart)]</value>
	</variable>
	<variable name="VideoPlayerTitle">
		<value condition="!IsEmpty(VideoPlayer.Year) + !VideoPlayer.Content(MusicVideos)">$INFO[VideoPlayer.Season,,x]$INFO[VideoPlayer.Episode,,. ]$INFO[VideoPlayer.TVShowTitle,, - ]$INFO[VideoPlayer.Title] ($INFO[VideoPlayer.Year])</value>
		<value condition="IsEmpty(VideoPlayer.Year) + !VideoPlayer.Content(MusicVideos)">$INFO[VideoPlayer.Season,,x]$INFO[VideoPlayer.Episode,,. ]$INFO[VideoPlayer.TVShowTitle,, - ]$INFO[VideoPlayer.Title]</value>
		<value>$INFO[VideoPlayer.Title]</value>
	</variable>
	<variable name="VideoPlayerTitle2">
		<value condition="!IsEmpty(VideoPlayer.Year) + [!IsEmpty(VideoPlayer.Artist) | !IsEmpty(VideoPlayer.Album)] + VideoPlayer.Content(MusicVideos)">$INFO[VideoPlayer.Artist,, - ]$INFO[VideoPlayer.Album] ($INFO[VideoPlayer.Year])</value>
		<value condition="IsEmpty(VideoPlayer.Year) + [!IsEmpty(VideoPlayer.Artist) | !IsEmpty(VideoPlayer.Album)] + VideoPlayer.Content(MusicVideos)">$INFO[VideoPlayer.Artist,, - ]$INFO[VideoPlayer.Album]</value>
		<value condition="!IsEmpty(VideoPlayer.Tagline) + !VideoPlayer.Content(MusicVideos)">$INFO[VideoPlayer.Tagline]</value>
	</variable>
	<variable name="GoPlaylist">
		<value condition="Window.IsActive(videolibrary) + !StringCompare(Playlist.Length(video),0)">ActivateWindow(videoplaylist)</value>
		<value condition="[Window.IsActive(musiclibrary) | Window.IsActive(musicfiles)] + !StringCompare(Playlist.Length(music),0)">ActivateWindow(musicplaylist)</value>
	</variable>
	<variable name="TVShowStatus">
		<value condition="!IsEmpty(Window(Home).Property(NextAired.Label))">$INFO[Window(Home).Property(NextAired.Status)]</value>
		<value>$LOCALIZE[31472]</value>
	</variable>
</includes>
