<?xml version="1.0" encoding="UTF-8"?>
<window id="29">
	<defaultcontrol always="true">52</defaultcontrol>
	<allowoverlay>no</allowoverlay>
	
	
	<controls>
		<include>Global_Background</include>		
		<control type="group">
			<include>Animation_OpenCloseFade</include>
			<include>Animation_FadedByMenu</include>
			
			<!-- Exit Button -->
			<control type="button" id="104">
				<include>LoginButton</include>
				<posx>505</posx>
				<posy>640</posy>
				<onleft>107</onleft>
				<onright>105</onright>
				<texturenofocus>buttons/button_exit.png</texturenofocus>
				<texturefocus>buttons/button_exitFO.png</texturefocus>
				<onclick>XBMC.Quit()</onclick>
				<include>Animation_ButtonFocus</include>
			</control>
			<!-- Shutdown Button -->
			<control type="button" id="105">
				<include>LoginButton</include>
				<posx>575</posx>
				<posy>640</posy>
				<onleft>104</onleft>
				<onright>106</onright>
				<texturenofocus>buttons/button_shutdown.png</texturenofocus>
				<texturefocus>buttons/button_shutdownFO.png</texturefocus>
				<onclick>XBMC.ShutDown()</onclick>
				<include>Animation_ButtonFocus</include>
			</control>
			<!-- Suspend Button -->
			<control type="button" id="106">
				<include>LoginButton</include>
				<posx>645</posx>
				<posy>640</posy>
				<onleft>105</onleft>
				<onright>107</onright>
				<texturenofocus>buttons/button_suspend.png</texturenofocus>
				<texturefocus>buttons/button_suspendFO.png</texturefocus>
				<onclick>XBMC.Suspend()</onclick>
				<include>Animation_ButtonFocus</include>
			</control>
			<!-- reboot Button -->
			<control type="button" id="107">
				<include>LoginButton</include>
				<posx>715</posx>
				<posy>640</posy>
				<onleft>106</onleft>
				<onright>104</onright>
				<texturenofocus>buttons/button_reboot.png</texturenofocus>
				<texturefocus>buttons/button_rebootFO.png</texturefocus>
				<onclick>XBMC.Reboot()</onclick>
				<include>Animation_ButtonFocus</include>
			</control>
			<!-- Button Text -->
			<control type="label">
				<description>Exit Text</description>
				<include>LoginButtonLabel</include>
				<label>$LOCALIZE[13012]</label>
				<visible>Control.HasFocus(104)</visible>
			</control>
			<control type="label">
				<description>Shutdown Text</description>
				<include>LoginButtonLabel</include>
				<label>$LOCALIZE[13005]</label>
				<visible>Control.HasFocus(105)</visible>
			</control>
			<control type="label">
				<description>Suspend Text</description>
				<include>LoginButtonLabel</include>
				<label>$LOCALIZE[13013]</label>
				<visible>Control.HasFocus(107)</visible>
			</control>
			<control type="label">
				<description>Suspend Text</description>
				<include>LoginButtonLabel</include>
				<label>$LOCALIZE[13011]</label>
				<visible>Control.HasFocus(106)</visible>
			</control>
			<!-- Help Text -->
			<control type="label">
				<posx>505</posx>
				<posy>560</posy>
				<width>270</width>
				<height>25</height>
				<align>center</align>
				<font>METF_HelpText</font>
				<textcolor>HelpText</textcolor>
				<label>$LOCALIZE[31411]</label>
				<visible>Control.HasFocus(52) + !Skin.HasSetting(HideHelpText)</visible>
			</control>
			<control type="label">
				<posx>505</posx>
				<posy>560</posy>
				<width>270</width>
				<height>25</height>
				<align>center</align>
				<font>METF_HelpText</font>
				<textcolor>HelpText</textcolor>
				<label>$LOCALIZE[31412]</label>
				<visible>!Control.HasFocus(52) + !Skin.HasSetting(HideHelpText)</visible>
			</control>

			<control type="label">
				<description>Heading</description>
				<posx>240</posx>
				<posy>55</posy>
				<width>800</width>
				<height>38</height>
				<font>METF_SettingsHeading</font>
				<textcolor>ButtonText</textcolor>
				<align>center</align>
				<aligny>center</aligny>
				<label>20115</label>
			</control>
			<control type="fixedlist" id="52">
				<posx>15</posx>
				<posy>110</posy>
				<width>1280</width>
				<height>300</height>
				<onleft>52</onleft>
				<onright>52</onright>
				<onup>104</onup>
				<ondown>104</ondown>
				<orientation>horizontal</orientation>
				<focusposition>2</focusposition>
				<itemlayout height="300" width="250">
					<control type="image">
						<posx>23</posx>
						<posy>48</posy>
						<width>204</width>
						<height>204</height>
						<fadetime>200</fadetime>
						<aspectratio>stretch</aspectratio>
						<texture>frames/ClassicFrame_Background.png</texture>
					</control>
					<control type="image">
						<posx>33</posx>
						<posy>58</posy>
						<width>184</width>
						<height>184</height>
						<fadetime>200</fadetime>
						<aspectratio align="center" aligny="center">scale</aspectratio>
						<texture fallback="profile.png">$INFO[ListItem.Icon]</texture>
					</control>
					<control type="image">
						<posx>10</posx>
						<posy>35</posy>
						<width>230</width>
						<height>230</height>
						<fadetime>200</fadetime>
						<aspectratio>stretch</aspectratio>
						<texture>frames/ClassicFrame_SquareMedium.png</texture>
					</control>
				</itemlayout>
				<focusedlayout height="300" width="250">
					<control type="image">
						<posx>23</posx>
						<posy>48</posy>
						<width>204</width>
						<height>204</height>
						<aspectratio>stretch</aspectratio>
						<texture>frames/ClassicFrame_Background.png</texture>
						<animation reversible="false" effect="zoom" center="auto" start="100" end="115" time="200" tween="sine" easing="inout">focus</animation>
						<animation reversible="false" effect="zoom" center="auto" start="115" end="100" time="200" tween="sine" easing="inout">unfocus</animation>
					</control>
					<control type="image">
						<posx>33</posx>
						<posy>58</posy>
						<width>184</width>
						<height>184</height>
						<aspectratio align="center" aligny="center">scale</aspectratio>
						<texture fallback="profile.png">$INFO[ListItem.Icon]</texture>
						<animation reversible="false" effect="zoom" center="auto" start="100" end="115" time="200" tween="sine" easing="inout">focus</animation>
						<animation reversible="false" effect="zoom" center="auto" start="115" end="100" time="200" tween="sine" easing="inout">unfocus</animation>
					</control>
					<control type="image">
						<posx>10</posx>
						<posy>35</posy>
						<width>230</width>
						<height>230</height>
						<aspectratio>stretch</aspectratio>
						<texture>frames/ClassicFrame_SquareMedium.png</texture>
						<animation reversible="false" effect="zoom" center="auto" start="100" end="115" time="200" tween="sine" easing="inout">focus</animation>
						<animation reversible="false" effect="zoom" center="auto" start="115" end="100" time="200" tween="sine" easing="inout">unfocus</animation>
					</control>
				</focusedlayout>
			</control>
			<control type="label">
				<posx>40</posx>
				<posy>415</posy>
				<width>1200</width>
				<height>38</height>
				<textcolor>TextFO</textcolor>
				<font>METF_SettingsHeading</font>
				<align>center</align>
				<aligny>center</aligny>
				<label>$INFO[ListItem.Label]</label>
			</control>
			<control type="label">
				<posx>40</posx>
				<posy>445</posy>
				<width>1200</width>
				<height>30</height>
				<textcolor>SettingsDetail</textcolor>
				<font>METF_MediaDetailsSmall</font>
				<align>center</align>
				<aligny>center</aligny>
				<label>$INFO[ListItem.Label2]</label>
			</control>
		</control>
		<include>Global_Weather</include>
		<include>Global_Time</include>
		<include>Global_Heading</include>
		<include condition="Skin.HasSetting(DebugGrid)">Object_DebugGrid</include>
		<include condition="Skin.HasSetting(DebugMode)">Debug</include>
	</controls>
</window>
