<?xml version="1.0" encoding="UTF-8"?>
<window id="2009">
	<controls>
		<control type="karvisualisation" id="1">
			<description>visualisation</description>
			<posx>0</posx>
			<posy>0</posy>
			<width>1280</width>
			<height>720</height>
			<visible>false</visible>
		</control>
		<control type="image" id="2">
			<description>fullscreen image</description>
			<posx>0</posx>
			<posy>0</posy>
			<width>1280</width>
			<height>720</height>
			<visible>false</visible>
		</control>
		<control type="group">
			<visible>MusicPlayer.Offset(number).Exists + !IntegerGreaterThan(Player.TimeRemaining,20)</visible>
			<include>Animation_SlideUpFadeOut</include>
			<posx>0</posx>
			<posy>660</posy>
			<control type="image">
				<width>1280</width>
				<height>60</height>
				<texture border="2">dialogback.png</texture>
				<colordiffuse>DialogBackgroundColour</colordiffuse>
			</control>
			<control type="fadelabel">
				<posx>30</posx>
				<posy>10</posy>
				<width>1220</width>
				<height>40</height>
				<font>METF_TitleTextLarge</font>
				<textcolor>TextNF</textcolor>
				<align>center</align>
				<aligny>center</aligny>
				<scrollout>false</scrollout>
				<pauseatend>3800</pauseatend>
				<scrollspeed>40</scrollspeed>
				<scroll>true</scroll>
				<label>$LOCALIZE[209]: [COLOR=OSDInfo]$INFO[MusicPlayer.offset(1).Title][/COLOR]</label>
			</control>
		</control>
	</controls>
</window>
