<?xml version="1.0" encoding="UTF-8"?>
<window id="1">
	<views>55,58,559,950,951,952</views>
	<defaultcontrol>55</defaultcontrol>
	<allowoverlay>yes</allowoverlay>
	<controls>
		<include>Global_Background</include>
		<control type="image">
			<include>Dimensions_Fullscreen</include>
			<fadetime>200</fadetime>
			<texture background="true" diffuse="diffuse_fanart.png">$INFO[ListItem.Art(fanart)]</texture>
			<colordiffuse>FanartDiffuse</colordiffuse>
			<include>Animation_CommonFade</include>
		</control>
		<include>Viewtype_List</include>		<!-- 55 -->
		<include>Viewtype_Gallery_Square</include>	<!-- 58 -->
		<include>Viewtype_Panel_Square</include>	<!-- 559 -->
		<include>Viewtype_Games_Tall</include>		<!-- 950 -->
		<include>Viewtype_Games_Square</include>	<!-- 951 -->
		<include>Viewtype_Games_Wide</include>		<!-- 952 -->
		<include>Global_ContextFilter</include>
		<include>Global_AddonInfo</include>
		<include>Global_ScrollOffsetLabel</include>
		<include condition="!Skin.HasSetting(Hide_MediaFlags)">MediaInfo</include>
		<!-- Navigation Menu -->
		<control type="group">
			<include>Animation_NavMenu</include>
			<include>NavMenuBackground</include>
			<control type="grouplist" id="7000">
				<posx>470</posx>
				<posy>120</posy>
				<width>340</width>
				<height>548</height>
				<itemgap>2</itemgap>
				<onleft>55</onleft>
				<onright>55</onright>
				<onup>7000</onup>
				<ondown>7000</ondown>
				<orientation>vertical</orientation>
				<visible allowhiddenfocus="true">ControlGroup(7000).HasFocus</visible>
				<control type="button" id="2">
					<description>View</description>
					<width>340</width>
					<height>40</height>
					<align>left</align>
					<aligny>center</aligny>
					<font>METF_DialogLarge</font>
					<label>-</label>
					<textoffsetx>20</textoffsetx>
					<textcolor>TextNF</textcolor>
					<focusedcolor>DialogTextFO</focusedcolor>
					<disabledcolor>TextDisabled</disabledcolor>
					<texturefocus>ButtonFO2Wide.png</texturefocus>
					<texturenofocus>-</texturenofocus>
					<pulseonselect>false</pulseonselect>
				</control>
				<control type="button" id="3">
					<description>Sort</description>
					<width>340</width>
					<height>40</height>
					<align>left</align>
					<aligny>center</aligny>
					<font>METF_DialogLarge</font>
					<label>-</label>
					<textoffsetx>20</textoffsetx>
					<textcolor>TextNF</textcolor>
					<focusedcolor>DialogTextFO</focusedcolor>
					<disabledcolor>TextDisabled</disabledcolor>
					<texturefocus>ButtonFO2Wide.png</texturefocus>
					<texturenofocus>-</texturenofocus>
					<pulseonselect>false</pulseonselect>
				</control>
				<control type="togglebutton" id="4">
					<description>Ascending</description>
					<width>340</width>
					<height>40</height>
					<align>left</align>
					<label>584</label>
					<altlabel>585</altlabel>
					<textoffsetx>20</textoffsetx>
					<font>METF_DialogLarge</font>
					<textcolor>TextNF</textcolor>
					<focusedcolor>DialogTextFO</focusedcolor>
					<disabledcolor>TextDisabled</disabledcolor>
					<texturefocus>ButtonFO2Wide.png</texturefocus>
					<texturenofocus>-</texturenofocus>
					<alttexturenofocus border="2">-</alttexturenofocus>
					<alttexturefocus border="5">ButtonFO2.png</alttexturefocus>
					<aligny>center</aligny>
					<pulseonselect>false</pulseonselect>
				</control>
				<control type="edit" id="19">
					<description>Filter</description>
					<width>340</width>
					<height>40</height>
					<align>left</align>
					<aligny>center</aligny>
					<label>587</label>
					<font>METF_DialogLarge</font>
					<textoffsetx>20</textoffsetx>
					<textcolor>TextNF</textcolor>
					<focusedcolor>DialogTextFO</focusedcolor>
					<disabledcolor>TextDisabled</disabledcolor>
					<texturefocus>ButtonFO2Wide.png</texturefocus>
					<texturenofocus>-</texturenofocus>
					<visible>[Container.CanFilterAdvanced + Skin.HasSetting(SimpleMediaFilter)] | Container.CanFilter</visible>
				</control>
				<control type="radiobutton" id="20">
					<description>Advanced Filter</description>
					<width>340</width>
					<align>left</align>
					<aligny>center</aligny>
					<label>587</label>
					<font>METF_DialogLarge</font>
					<textoffsetx>20</textoffsetx>
					<textcolor>TextNF</textcolor>
					<focusedcolor>DialogTextFO</focusedcolor>
					<disabledcolor>TextDisabled</disabledcolor>
					<texturefocus>ButtonFO2Wide.png</texturefocus>
					<texturenofocus>-</texturenofocus>
					<selected>Container.Filtered</selected>
					<onclick>right</onclick>
					<onclick>Filter</onclick>
					<visible>Container.CanFilterAdvanced + !Skin.HasSetting(SimpleMediaFilter)</visible>
				</control>
				<include>Nav_NowPlaying</include>
			</control>
		</control>
		<include>Global_Weather</include>
		<include>Global_Time</include>
		<include>Global_Heading</include>
		<include>Global_Music</include>
		<include condition="Skin.HasSetting(DebugGrid)">Object_DebugGrid</include>
		<include condition="Skin.HasSetting(DebugMode)">Debug</include>
	</controls>
</window>
