<?xml version="1.0" encoding="UTF-8"?>
<window id="600">
	<defaultcontrol always="false">32</defaultcontrol>
	<allowoverlay>yes</allowoverlay>
	<controls>
		<include>Global_Background</include>
    
		<!-- TV views -->
		<include>Viewtype_PVR_TVChannel</include>
		<include>Viewtype_PVR_EPG</include>
		<include>Viewtype_PVR_Timers</include>
		<include>Viewtype_PVR_Recordings</include>
		<include>Viewtype_PVR_EPGSearch</include>

		<control type="group">
			<include>Animation_NavMenu</include>
			<include>NavMenuBackground</include>
			<control type="grouplist" id="7000">
				<posx>470</posx>
				<posy>120</posy>
				<width>340</width>
				<height>548</height>
				<itemgap>2</itemgap>
				<onleft>11</onleft>
				<onright>11</onright>
				<visible allowhiddenfocus="true">ControlGroup(7000).HasFocus</visible>
				<control type="button" id="32">
					<description>TV Channels</description>
					<width>340</width>
					<height>40</height>
					<align>left</align>
					<aligny>center</aligny>
					<font>METF_DialogLarge</font>
					<textoffsetx>20</textoffsetx>
					<textcolor>TextNF</textcolor>
					<focusedcolor>DialogTextFO</focusedcolor>
					<disabledcolor>TextDisabled</disabledcolor>
					<texturefocus>ButtonFO2Wide.png</texturefocus>
					<texturenofocus>-</texturenofocus>
					<pulseonselect>false</pulseonselect>
					<label>$LOCALIZE[19023]</label>
				</control>
				<control type="button" id="31">
					<description>TV Guide</description>
					<width>340</width>
					<height>40</height>
					<align>left</align>
					<aligny>center</aligny>
					<font>METF_DialogLarge</font>
					<textoffsetx>20</textoffsetx>
					<textcolor>TextNF</textcolor>
					<focusedcolor>DialogTextFO</focusedcolor>
					<disabledcolor>TextDisabled</disabledcolor>
					<texturefocus>ButtonFO2Wide.png</texturefocus>
					<texturenofocus>-</texturenofocus>
					<pulseonselect>false</pulseonselect>
					<label>$LOCALIZE[19029]</label>
				</control>
				<control type="button" id="34">
					<description>Recordings</description>
					<width>340</width>
					<height>40</height>
					<align>left</align>
					<aligny>center</aligny>
					<font>METF_DialogLarge</font>
					<textoffsetx>20</textoffsetx>
					<textcolor>TextNF</textcolor>
					<focusedcolor>DialogTextFO</focusedcolor>
					<disabledcolor>TextDisabled</disabledcolor>
					<texturefocus>ButtonFO2Wide.png</texturefocus>
					<texturenofocus>-</texturenofocus>
					<pulseonselect>false</pulseonselect>
					<label>$LOCALIZE[19163]</label>
				</control>
				<control type="button" id="35">
					<description>Timers</description>
					<width>340</width>
					<height>40</height>
					<align>left</align>
					<aligny>center</aligny>
					<font>METF_DialogLarge</font>
					<textoffsetx>20</textoffsetx>
					<textcolor>TextNF</textcolor>
					<focusedcolor>DialogTextFO</focusedcolor>
					<disabledcolor>TextDisabled</disabledcolor>
					<texturefocus>ButtonFO2Wide.png</texturefocus>
					<texturenofocus>-</texturenofocus>
					<pulseonselect>false</pulseonselect>
					<label>$LOCALIZE[19040]</label>
				</control>
				<control type="button" id="36">
					<description>EPG Search</description>
					<width>340</width>
					<height>40</height>
					<align>left</align>
					<aligny>center</aligny>
					<font>METF_DialogLarge</font>
					<textoffsetx>20</textoffsetx>
					<textcolor>TextNF</textcolor>
					<focusedcolor>DialogTextFO</focusedcolor>
					<disabledcolor>TextDisabled</disabledcolor>
					<texturefocus>ButtonFO2Wide.png</texturefocus>
					<texturenofocus>-</texturenofocus>
					<pulseonselect>false</pulseonselect>
					<label>$LOCALIZE[137]</label>
				</control>
				<include>Nav_NowPlaying</include>
			</control>
		</control>
		
		<!-- Heading Labels at very top of screen -->
		<control type="group">
			<posx>30</posx>
			<posy>10</posy>
			<control type="label">
				<label>$LOCALIZE[31601]</label>
				<include>Global_HeadingSectionVars</include>
			</control>
			<control type="label">
				<label>$INFO[Control.GetLabel(29)] $INFO[Control.GetLabel(30), - ,]</label>
				<include>Global_HeadingDetailVars</include>
			</control>
			<control type="label" id="29">
				<description>Hidden label used to display current selection in title</description>
				<visible>false</visible>
 			</control>
			<control type="label" id="30">		
				<description>Hidden label used to display current selection in title</description>
				<visible>false</visible>
			</control>
		</control>
		<include>Global_Weather</include>
		<include>Global_Time</include>
		<include condition="Skin.HasSetting(DebugGrid)">Object_DebugGrid</include>
		<include condition="Skin.HasSetting(DebugMode)">Debug</include>
	</controls>
</window>
