<?xml version="1.0" encoding="UTF-8"?>
<window id="25">
	<onload condition="Skin.HasSetting(TvTunes) + !SubString(Window(Videos).Property(CinemaExperienceRunning),True)">RunScript(script.tvtunes,backend=True&amp;loop=False)</onload>
	<onload condition="Skin.HasSetting(NextAired) + !SubString(Window(Videos).Property(CinemaExperienceRunning),True) + [Container.Content(tvshows) | Container.Content(seasons) | Container.Content(episodes)]">RunScript(script.tv.show.next.aired,backend=True)</onload>
	<views>55,905,54,58,59,559,53,57,551,550,504,509,511,508,510,52,56,512,501</views>
	<defaultcontrol always="true">55</defaultcontrol>
	<allowoverlay>yes</allowoverlay>
	<controls>
		<include>Global_Background</include>
		<control type="image">
			<include>Dimensions_Fullscreen</include>
			<include>Animation_CommonFade</include>
			<include>Animation_FadedByMenu</include>
			<fadetime>200</fadetime>
			<texture background="true" diffuse="diffuse_fanart.png">$INFO[ListItem.Art(fanart)]</texture>
			<colordiffuse>FanartDiffuse</colordiffuse>
			<animation effect="fade" start="100" end="60" time="300" condition="Window.IsVisible(movieinformation)">Conditional</animation>
			<visible>!Skin.HasSetting(HideVideoFanart) + !IsEmpty(ListItem.path) + [Container.Content(movies) | Container.Content(sets) | Container.Content(musicvideos) | Container.Content(addons) | Container.Content(tvshows) | Container.Content(seasons) | Container.Content(episodes)]</visible>
		</control>
		<include>Object_InfoLines</include>
		<include>Viewtype_LowList</include>			<!-- 905 -->
		<include>Viewtype_List</include>			<!-- 55 -->
		<include>Viewtype_Poster_Fixed</include>		<!-- 53 -->
		<include>Viewtype_Poster_Wrap</include>			<!-- 57 -->
		<include>Viewtype_PosterAndFanart</include>		<!-- 550 -->
		<include>Viewtype_Poster_Large</include>		<!-- 551 -->
		<include>Viewtype_Coverflow</include>			<!-- 512 -->
		<include>Viewtype_Landscape</include>			<!-- 52 -->
		<include>Viewtype_Fanart</include>			<!-- 504 -->
		<include>Viewtype_FanartList</include>			<!-- 509 -->
		<include>Viewtype_FanartBanner</include>		<!-- 508 -->
		<include>Viewtype_Banner</include>			<!-- 511 -->
		<include>Viewtype_BannerPoster</include>		<!-- 510 -->
		<include>Viewtype_Gallery</include>			<!-- 54 -->
		<include>Viewtype_Gallery_Fanart</include>		<!-- 59 -->
		<include>Viewtype_Gallery_Square</include>		<!-- 58 -->
		<include>Viewtype_Panel_Square</include>		<!-- 559 -->
		<include>Viewtype_Logo</include>			<!-- 56 -->
		<include>Viewtype_TallGenre</include>			<!-- 501 -->
		<include>Global_ContextFilter</include>
		<include condition="!Skin.HasSetting(Hide_MediaFlags)">MediaInfo</include>
		<include condition="!Skin.HasSetting(Hide_ExtraMediaFlags)">MediaInfo2</include>
		<include>Global_VideoPlot</include>
		<include>Global_AddonInfo</include>
		<include>Global_ScrollOffsetLabel</include>
		<!-- Video Navigation Menu -->		
		<control type="group">
			<include>Animation_NavMenu</include>
			<include>NavMenuBackground</include>
			<control type="grouplist" id="7000">
				<posx>470</posx>
				<posy>120</posy>
				<width>340</width>
				<height>548</height>
				<itemgap>2</itemgap>
				<onleft>55</onleft>
				<onright>55</onright>
				<onup>7000</onup>
				<ondown>7000</ondown>
				<orientation>vertical</orientation>
				<visible allowhiddenfocus="true">ControlGroup(7000).HasFocus</visible>
				<control type="button" id="2">
					<description>View</description>
					<width>340</width>
					<height>40</height>
					<align>left</align>
					<aligny>center</aligny>
					<font>METF_DialogLarge</font>
					<label>-</label>
					<textoffsetx>20</textoffsetx>
					<textcolor>TextNF</textcolor>
					<focusedcolor>DialogTextFO</focusedcolor>
					<disabledcolor>TextDisabled</disabledcolor>
					<texturefocus>ButtonFO2Wide.png</texturefocus>
					<texturenofocus>-</texturenofocus>
					<pulseonselect>false</pulseonselect>
				</control>
				<control type="button" id="3">
					<description>Sort</description>
					<width>340</width>
					<height>40</height>
					<align>left</align>
					<aligny>center</aligny>
					<font>METF_DialogLarge</font>
					<label>-</label>
					<textoffsetx>20</textoffsetx>
					<textcolor>TextNF</textcolor>
					<focusedcolor>DialogTextFO</focusedcolor>
					<disabledcolor>TextDisabled</disabledcolor>
					<texturefocus>ButtonFO2Wide.png</texturefocus>
					<texturenofocus>-</texturenofocus>
					<pulseonselect>false</pulseonselect>
				</control>
				<control type="togglebutton" id="4">
					<description>Ascending</description>
					<width>340</width>
					<height>40</height>
					<align>left</align>
					<label>584</label>
					<altlabel>585</altlabel>
					<textoffsetx>20</textoffsetx>
					<font>METF_DialogLarge</font>
					<textcolor>TextNF</textcolor>
					<focusedcolor>DialogTextFO</focusedcolor>
					<disabledcolor>TextDisabled</disabledcolor>
					<texturefocus>ButtonFO2Wide.png</texturefocus>
					<texturenofocus>-</texturenofocus>
					<alttexturenofocus border="2">-</alttexturenofocus>
					<alttexturefocus border="5">ButtonFO2.png</alttexturefocus>
					<aligny>center</aligny>
					<pulseonselect>false</pulseonselect>
				</control>
				<control type="button" id="10">
					<description>Watched Toggle</description>
					<label>137</label>
					<width>340</width>
					<height>40</height>
					<align>left</align>
					<aligny>center</aligny>
					<font>METF_DialogLarge</font>
					<textoffsetx>20</textoffsetx>
					<textcolor>TextNF</textcolor>
					<focusedcolor>DialogTextFO</focusedcolor>
					<disabledcolor>TextDisabled</disabledcolor>
					<texturefocus>ButtonFO2Wide.png</texturefocus>
					<texturenofocus>-</texturenofocus>
					<pulseonselect>false</pulseonselect>
				</control>
				<control type="edit" id="19">
					<description>Filter</description>
					<width>340</width>
					<height>40</height>
					<align>left</align>
					<aligny>center</aligny>
					<label>587</label>
					<font>METF_DialogLarge</font>
					<textoffsetx>20</textoffsetx>
					<textcolor>TextNF</textcolor>
					<focusedcolor>DialogTextFO</focusedcolor>
					<disabledcolor>TextDisabled</disabledcolor>
					<texturefocus>ButtonFO2Wide.png</texturefocus>
					<texturenofocus>-</texturenofocus>
					<visible>[Container.CanFilterAdvanced + Skin.HasSetting(SimpleMediaFilter)] | Container.CanFilter</visible>
				</control>
				<control type="radiobutton" id="98">
					<description>Advanced Filter</description>
					<width>340</width>
					<align>left</align>
					<aligny>center</aligny>
					<label>587</label>
					<font>METF_DialogLarge</font>
					<textoffsetx>20</textoffsetx>
					<textcolor>TextNF</textcolor>
					<focusedcolor>DialogTextFO</focusedcolor>
					<disabledcolor>TextDisabled</disabledcolor>
					<texturefocus>ButtonFO2Wide.png</texturefocus>
					<texturenofocus>-</texturenofocus>
					<selected>Container.Filtered</selected>
					<onclick>right</onclick>
					<onclick>Filter</onclick>
					<visible>Container.CanFilterAdvanced + !Skin.HasSetting(SimpleMediaFilter)</visible>
				</control>
				<control type="button" id="8">
					<description>Search</description>
					<label>137</label>
					<width>340</width>
					<height>40</height>
					<align>left</align>
					<aligny>center</aligny>
					<font>METF_DialogLarge</font>
					<textoffsetx>20</textoffsetx>
					<textcolor>TextNF</textcolor>
					<focusedcolor>DialogTextFO</focusedcolor>
					<disabledcolor>TextDisabled</disabledcolor>
					<texturefocus>ButtonFO2Wide.png</texturefocus>
					<texturenofocus>-</texturenofocus>
					<pulseonselect>false</pulseonselect>
				</control>
				<control type="radiobutton" id="16">
					<description>PartyMode</description>
					<width>340</width>
					<align>left</align>
					<label>589</label>
					<aligny>center</aligny>
					<font>METF_DialogLarge</font>
					<textoffsetx>20</textoffsetx>
					<textcolor>TextNF</textcolor>
					<focusedcolor>DialogTextFO</focusedcolor>
					<disabledcolor>TextDisabled</disabledcolor>
					<texturefocus>ButtonFO2Wide.png</texturefocus>
					<texturenofocus>-</texturenofocus>
				</control>
				<control type="radiobutton" id="11">
					<description>Unlock Shares</description>
					<width>340</width>
					<align>left</align>
					<label>20336</label>
					<onclick>xbmc.mastermode</onclick>
					<selected>system.ismaster</selected>
					<visible>system.haslocks</visible>
					<texturefocus>ButtonFO2Wide.png</texturefocus>
					<texturenofocus>-</texturenofocus>
				</control>
				<control type="togglebutton" id="20">
					<description>Update Library</description>
					<width>340</width>
					<height>40</height>
					<align>left</align>
					<label>653</label>
					<altlabel>13353</altlabel>
					<textoffsetx>20</textoffsetx>
					<font>METF_DialogLarge</font>
					<textcolor>TextNF</textcolor>
					<focusedcolor>DialogTextFO</focusedcolor>
					<disabledcolor>TextDisabled</disabledcolor>
					<texturefocus>ButtonFO2Wide.png</texturefocus>
					<texturenofocus>-</texturenofocus>
					<alttexturenofocus border="2">-</alttexturenofocus>
					<alttexturefocus border="5">ButtonFO2.png</alttexturefocus>
					<usealttexture>library.isscanningvideo</usealttexture>
					<aligny>center</aligny>
					<pulseonselect>false</pulseonselect>
				</control>
				<include>Nav_NowPlaying</include>
			</control>
		</control>
		<include>Global_Weather</include>
		<include>Global_Time</include>
		<include>Global_Heading</include>
		<include>Global_Music</include>
		<include>NextAiredInfo</include>
		<include condition="Skin.HasSetting(DebugGrid)">Object_DebugGrid</include>
		<include condition="Skin.HasSetting(DebugMode)">Debug</include>
	</controls>
</window>
