<?xml version="1.0" encoding="UTF-8"?>
<window>
	<defaultcontrol>1001</defaultcontrol>
	<animation effect="fade" time="300">WindowOpen</animation>
	<animation effect="fade" time="300">WindowClose</animation>
	<coordinates>
		<system>1</system>
		<posx>0</posx>
		<posy>0</posy>
	</coordinates>
	<controls>
		<control type="image" id="997">
			<description>background top image</description>
			<posx>0</posx>
			<posy>-50</posy>
			<width>400</width>
			<height>50</height>
			<texture>dialogs/ContextMenu_Top.png</texture>
			<colordiffuse>DialogBackgroundColor</colordiffuse>
		</control>
		<control type="image" id="998">
			<description>background image</description>
			<posx>0</posx>
			<posy>0</posy>
			<width>400</width>
			<texture>dialogs/ContextMenu_Middle.png</texture>
			<colordiffuse>DialogBackgroundColor</colordiffuse>
		</control>
		<control type="image" id="999">
			<description>background bottom image</description>
			<posx>0</posx>
			<width>400</width>
			<height>50</height>
			<texture>dialogs/ContextMenu_Bottom.png</texture>
			<colordiffuse>DialogBackgroundColor</colordiffuse>
		</control>
		<control type="button" id="1001">
			<posx>43</posx>
			<posy>0</posy>
			<width>320</width>
			<height>35</height>
			<font>METF_DialogLarge</font>
			<align>center</align>
			<aligny>center</aligny>
			<textcolor>TextNF</textcolor>
			<focusedcolor>DialogTextFO</focusedcolor>
			<texturefocus border="1">ButtonFO2Wide.png</texturefocus>
			<onleft>1001</onleft>
			<onright>1001</onright>
			<onup>1003</onup>
			<ondown>1002</ondown>
		</control>
		<control type="button" id="1002">
			<posx>43</posx>
			<posy>0</posy>
			<width>320</width>
			<height>35</height>
			<font>METF_DialogLarge</font>
			<align>center</align>
			<aligny>center</aligny>
			<textcolor>TextNF</textcolor>
			<focusedcolor>DialogTextFO</focusedcolor>
			<texturefocus border="1">ButtonFO2Wide.png</texturefocus>
			<onleft>1002</onleft>
			<onright>1002</onright>
			<onup>1001</onup>
			<ondown>1003</ondown>
		</control>
		<control type="button" id="1003">
			<posx>43</posx>
			<posy>0</posy>
			<width>320</width>
			<height>35</height>
			<font>METF_DialogLarge</font>
			<align>center</align>
			<aligny>center</aligny>
			<textcolor>TextNF</textcolor>
			<focusedcolor>DialogTextFO</focusedcolor>
			<texturefocus border="1">ButtonFO2Wide.png</texturefocus>
			<onleft>1003</onleft>
			<onright>1003</onright>
			<onup>1002</onup>
			<ondown>1001</ondown>
		</control>
	</controls>
</window>
