<?xml version="1.0" encoding="UTF-8"?>
<window>
	<defaultcontrol>-</defaultcontrol>
	<coordinates>		
		<posx>0</posx>
		<posy>0</posy>
	</coordinates>
	<animation type="WindowOpen" reversible="false">
		<effect type="zoom" start="80" end="100" center="640,360" easing="out" tween="back" time="300" />
		<effect type="fade" start="0" end="100" time="300" />
	</animation>
	<animation type="WindowClose" reversible="false">
		<effect type="zoom" start="100" end="80" center="640,360" easing="in" tween="back" time="300" />
		<effect type="fade" start="100" end="0" time="300" />
	</animation>
	<controls>
		<control type="list" id="100">
			<posx>-10</posx>
			<posy>-10</posy>
			<width>1</width>
			<height>1</height>
			<visible>false</visible>
			<itemlayout width="1" height="1"/>
			<focusedlayout width="1" height="1"/>
		</control>
		<control type="group">
			<animation effect="fade" start="0" end="100" time="400">WindowOpen</animation>
			<animation effect="fade" start="100" end="0" time="400">WindowClose</animation>						
			<control type="image" id="199">
				<posx>0</posx>
				<posy>0</posy>
				<width>1280</width>
				<height>720</height>
				<aspectratio>scale</aspectratio>
				<texture>$INFO[Container(100).ListItem.Property(Fanart_Image)]</texture>
			</control>
			<control type="image">
				<posx>0</posx>
				<posy>0</posy>
				<width>1280</width>
				<height>720</height>
				<texture>black.png</texture>
				<aspectratio>scale</aspectratio>
				<visible>IsEmpty(Control.GetLabel(199))</visible>
			</control>
			<include>Global_Background</include>
			<control type="label">
				<posx>40</posx>
				<posy>58</posy>
				<width>1200</width>
				<height>30</height>
				<font>METF_TitleTextLarge</font>
				<textcolor>TextNF</textcolor>
				<align>center</align>
				<aligny>center</aligny>
				<label>$INFO[Container(100).ListItem.Label]</label>
			</control>
			<control type="image">
				<posx>50</posx>
				<posy>100</posy>
				<width>360</width>
				<height>360</height>
				<aspectratio align="center" aligny="top">keep</aspectratio>
				<texture>$INFO[Container(100).ListItem.Icon]</texture>
				<bordertexture>dialogback.png</bordertexture>
				<bordersize>2</bordersize>
			</control>
			<control type="group">
				<visible>Control.IsVisible(110) | Control.IsVisible(140) | Control.IsVisible(150)</visible>
				<control type="group">
					<control type="image">
						<posx>40</posx>
						<posy>485</posy>
						<width>80</width>
						<height>40</height>
						<aspectratio>keep</aspectratio>
						<texture fallback="flags/default.png">flags/VideoResolution/$INFO[Container(100).ListItem.Property(VideoResolution),,.png]</texture>
					</control>
					<control type="image">
						<posx>26</posx>
						<posy>477</posy>
						<width>104</width>
						<height>54</height>
						<colordiffuse>MediaFlagBoxDiffuse</colordiffuse>
						<texture>flags/flag_frame.png</texture>
					</control>
				</control>
				<control type="group">	
					<control type="image">
						<posx>135</posx>
						<posy>485</posy>
						<width>80</width>
						<height>40</height>
						<aspectratio>keep</aspectratio>
						<texture fallback="flags/default.png">flags/VideoCodec/$INFO[Container(100).ListItem.Property(VideoCodec),,.png]</texture>										
					</control>
					<control type="image">
						<posx>121</posx>
						<posy>477</posy>
						<width>104</width>
						<height>54</height>
						<colordiffuse>MediaFlagBoxDiffuse</colordiffuse>
						<texture>flags/flag_frame.png</texture>
					</control>
				</control>
				<control type="group">
					<control type="image">
						<posx>230</posx>
						<posy>485</posy>
						<width>80</width>
						<height>40</height>
						<aspectratio>keep</aspectratio>
						<texture fallback="flags/VideoAspect/default.png">flags/VideoAspect/$INFO[Container(100).ListItem.Property(VideoAspect),,.png]</texture>
					</control>
					<control type="image">
						<posx>216</posx>
						<posy>477</posy>
						<width>104</width>
						<height>54</height>
						<colordiffuse>MediaFlagBoxDiffuse</colordiffuse>
						<texture>flags/flag_frame.png</texture>
					</control>
				</control>					
				<control type="group">	
					<control type="image">
						<posx>325</posx>
						<posy>485</posy>
						<width>80</width>
						<height>40</height>
						<aspectratio>keep</aspectratio>
						<texture fallback="flags/defaultsound.png">flags/AudioCodec/$INFO[Container(100).ListItem.Property(AudioCodec),,.png]</texture>
					</control>
					<control type="image">
						<posx>311</posx>
						<posy>477</posy>
						<width>104</width>
						<height>54</height>
						<colordiffuse>MediaFlagBoxDiffuse</colordiffuse>
						<texture>flags/flag_frame.png</texture>
					</control>
				</control>				
				<control type="group">
					<control type="image">
						<posx>420</posx>
						<posy>485</posy>
						<width>80</width>
						<height>40</height>
						<aspectratio>keep</aspectratio>
						<texture fallback="flags/AudioChannels/DefaultChannels.png">flags/AudioChannels/$INFO[Container(100).ListItem.Property(AudioChannels),,ch.png]</texture>
					</control>
					<control type="image">
						<posx>406</posx>
						<posy>477</posy>
						<width>104</width>
						<height>54</height>
						<colordiffuse>MediaFlagBoxDiffuse</colordiffuse>
						<texture>flags/flag_frame.png</texture>
					</control>
				</control>	
			</control>
			<control type="group" id="101">
				<control type="list" id="110">
					<posx>430</posx>
					<posy>118</posy>
					<width>800</width>
					<height>325</height>
					<onleft>110</onleft>
					<onright>110</onright>
					<onup>190</onup>
					<ondown>190</ondown>
					<pagecontrol>-</pagecontrol>
					<scrolltime>200</scrolltime>
					<itemlayout width="800" height="35">
						<control type="label">
							<posx>165</posx>
							<posy>0</posy>
							<width>165</width>
							<height>35</height>
							<font>METF_DialogMediumBold</font>
							<align>right</align>
							<aligny>center</aligny>
							<textcolor>GlobalHeading</textcolor>
							<selectedcolor>GlobalHeading</selectedcolor>
							<label>$INFO[ListItem.Label]</label>
						</control>
						<control type="label">
							<posx>175</posx>
							<posy>0</posy>
							<width>625</width>
							<height>35</height>
							<font>METF_DialogMedium</font>
							<align>left</align>
							<aligny>center</aligny>
							<textcolor>TextNF</textcolor>
							<selectedcolor>FFFFFFFF</selectedcolor>
							<label>$INFO[ListItem.Label2]</label>
						</control>
					</itemlayout>
					<focusedlayout width="800" height="35">
						<control type="image">
							<posx>0</posx>
							<posy>0</posy>
							<width>800</width>
							<height>35</height>
							<texture border="5">ButtonFo.png</texture>
							<visible>Control.HasFocus(110)</visible>
						</control>
						<control type="label">
							<posx>165</posx>
							<posy>0</posy>
							<width>165</width>
							<height>35</height>
							<font>METF_DialogMediumBold</font>
							<align>right</align>
							<aligny>center</aligny>
							<textcolor>GlobalHeading</textcolor>
							<selectedcolor>GlobalHeading</selectedcolor>
							<label>$INFO[ListItem.Label]</label>
						</control>
						<control type="label">
							<posx>175</posx>
							<posy>0</posy>
							<width>625</width>
							<height>35</height>
							<font>METF_DialogMedium</font>
							<align>left</align>
							<aligny>center</aligny>
							<textcolor>TextNF</textcolor>
							<selectedcolor>FFFFFFFF</selectedcolor>
							<label>$INFO[ListItem.Label2]</label>
						</control>
					</focusedlayout>
					<content>
						<item>
							<label>$LOCALIZE[20339]:</label>
							<label2>$INFO[Container(100).ListItem.Property(Director)]</label2>
							<onclick>noop</onclick>
							<visible>!IsEmpty(Container(100).ListItem.Property(Director))</visible>
						</item>
						<item>
							<label>$LOCALIZE[572]:</label>
							<label2>$INFO[Container(100).ListItem.Property(Studio)]</label2>
							<onclick>noop</onclick>
							<visible>!IsEmpty(Container(100).ListItem.Property(Studio))</visible>
						</item>
						<item>
							<label>$LOCALIZE[515]:</label>
							<label2>$INFO[Container(100).ListItem.Property(Genre)]</label2>
							<onclick>noop</onclick>
							<visible>!IsEmpty(Container(100).ListItem.Property(Genre))</visible>
						</item>
						<item>
							<label>$LOCALIZE[562]:</label>
							<label2>$INFO[Container(100).ListItem.Property(Year)]</label2>
							<onclick>noop</onclick>
							<visible>!IsEmpty(Container(100).ListItem.Property(Year))</visible>
						</item>
						<item>
							<label>$LOCALIZE[2050]:</label>
							<label2>$INFO[Container(100).ListItem.Property(Duration),, $LOCALIZE[12391]]</label2>
							<onclick>noop</onclick>
							<visible>!IsEmpty(Container(100).ListItem.Property(Duration)) + !SubString(Container(100).ListItem.Property(Duration),min)</visible>
						</item>
						<item>
							<label>$LOCALIZE[2050]:</label>
							<label2>$INFO[Container(100).ListItem.Property(Duration)]</label2>
							<onclick>noop</onclick>
							<visible>!IsEmpty(Container(100).ListItem.Property(Duration)) + SubString(Container(100).ListItem.Property(Duration),min)</visible>
						</item>
						<item>
							<label>$LOCALIZE[563]:</label>
							<label2>$INFO[Container(100).ListItem.Property(Rating)]</label2>
							<onclick>noop</onclick>
							<visible>!IsEmpty(Container(100).ListItem.Property(Rating))</visible>
						</item>
						<item>
							<label>$LOCALIZE[202]:</label>
							<label2>$INFO[Container(100).ListItem.Property(TagLine)]</label2>
							<onclick>noop</onclick>
							<visible>!IsEmpty(Container(100).ListItem.Property(TagLine))</visible>
						</item>
						<item>
							<label>$LOCALIZE[203]:</label>
							<label2>$INFO[Container(100).ListItem.Property(PlotOutline)]</label2>
							<onclick>noop</onclick>
							<visible>!IsEmpty(Container(100).ListItem.Property(PlotOutline))</visible>
						</item>
						<item>
							<label>$LOCALIZE[20074]:</label>
							<label2>$INFO[Container(100).ListItem.Property(Mpaa)]</label2>
							<onclick>noop</onclick>
							<visible>!IsEmpty(Container(100).ListItem.Property(Mpaa))</visible>
						</item>
						<item>
							<label>$LOCALIZE[567]:</label>
							<label2>$INFO[Container(100).ListItem.Property(Playcount)]</label2>
							<onclick>noop</onclick>
							<visible>!IsEmpty(Container(100).ListItem.Property(Playcount))</visible>
						</item>
						<item>
							<label>$LOCALIZE[15311]</label>
							<label2>$INFO[Container(100).ListItem.Property(Path)]</label2>
							<onclick>noop</onclick>
							<visible>!IsEmpty(Container(100).ListItem.Property(Path))</visible>
						</item>
					</content>
				</control>
				<control type="list" id="120">
					<posx>430</posx>
					<posy>118</posy>
					<width>800</width>
					<height>325</height>
					<onleft>120</onleft>
					<onright>120</onright>
					<onup>190</onup>
					<ondown>190</ondown>
					<pagecontrol>-</pagecontrol>
					<scrolltime>200</scrolltime>
					<itemlayout width="800" height="35">
						<control type="label">
							<posx>165</posx>
							<posy>0</posy>
							<width>165</width>
							<height>35</height>
							<font>METF_DialogMediumBold</font>
							<align>right</align>
							<aligny>center</aligny>
							<textcolor>GlobalHeading</textcolor>
							<selectedcolor>GlobalHeading</selectedcolor>
							<label>$INFO[ListItem.Label]</label>
						</control>
						<control type="label">
							<posx>175</posx>
							<posy>0</posy>
							<width>625</width>
							<height>35</height>
							<font>METF_DialogMedium</font>
							<align>left</align>
							<aligny>center</aligny>
							<textcolor>TextNF</textcolor>
							<selectedcolor>FFFFFFFF</selectedcolor>
							<label>$INFO[ListItem.Label2]</label>
						</control>
					</itemlayout>
					<focusedlayout width="800" height="35">
						<control type="image">
							<posx>0</posx>
							<posy>0</posy>
							<width>800</width>
							<height>35</height>
							<texture border="5">ButtonFo.png</texture>
							<visible>Control.HasFocus(120)</visible>
						</control>
						<control type="label">
							<posx>165</posx>
							<posy>0</posy>
							<width>165</width>
							<height>35</height>
							<font>METF_DialogMediumBold</font>
							<align>right</align>
							<aligny>center</aligny>
							<textcolor>GlobalHeading</textcolor>
							<selectedcolor>GlobalHeading</selectedcolor>
							<label>$INFO[ListItem.Label]</label>
						</control>
						<control type="label">
							<posx>175</posx>
							<posy>0</posy>
							<width>625</width>
							<height>35</height>
							<font>METF_DialogMedium</font>
							<align>left</align>
							<aligny>center</aligny>
							<textcolor>TextNF</textcolor>
							<selectedcolor>FFFFFFFF</selectedcolor>
							<label>$INFO[ListItem.Label2]</label>
						</control>
					</focusedlayout>
					<content>
						<item>
							<label>$LOCALIZE[20360]:</label>
							<label2>$INFO[Container(100).ListItem.Property(Episode)]</label2>
							<onclick>noop</onclick>
							<visible>!IsEmpty(Container(100).ListItem.Property(Episode))</visible>
						</item>
						<item>
							<label>$LOCALIZE[20416]:</label>
							<label2>$INFO[Container(100).ListItem.Property(Premiered)]</label2>
							<onclick>noop</onclick>
							<visible>!IsEmpty(Container(100).ListItem.Property(Premiered))</visible>
						</item>
						<item>
							<label>$LOCALIZE[572]:</label>
							<label2>$INFO[Container(100).ListItem.Property(Studio)]</label2>
							<onclick>noop</onclick>
							<visible>!IsEmpty(Container(100).ListItem.Property(Studio))</visible>
						</item>
						<item>
							<label>$LOCALIZE[515]:</label>
							<label2>$INFO[Container(100).ListItem.Property(Genre)]</label2>
							<onclick>noop</onclick>
							<visible>!IsEmpty(Container(100).ListItem.Property(Genre))</visible>
						</item>
						<item>
							<label>$LOCALIZE[562]:</label>
							<label2>$INFO[Container(100).ListItem.Property(Year)]</label2>
							<onclick>noop</onclick>
							<visible>!IsEmpty(Container(100).ListItem.Property(Year))</visible>
						</item>
						<item>
							<label>$LOCALIZE[563]:</label>
							<label2>$INFO[Container(100).ListItem.Property(Rating)]</label2>
							<onclick>noop</onclick>
							<visible>!IsEmpty(Container(100).ListItem.Property(Rating))</visible>
						</item>
						<item>
							<label>$LOCALIZE[20074]:</label>
							<label2>$INFO[Container(100).ListItem.Property(Mpaa)]</label2>
							<onclick>noop</onclick>
							<visible>!IsEmpty(Container(100).ListItem.Property(Mpaa))</visible>
						</item>
						<item>
							<label>$LOCALIZE[567]:</label>
							<label2>$INFO[Container(100).ListItem.Property(Playcount)]</label2>
							<onclick>noop</onclick>
							<visible>!IsEmpty(Container(100).ListItem.Property(Playcount))</visible>
						</item>
						<item>
							<label>$LOCALIZE[15311]</label>
							<label2>$INFO[Container(100).ListItem.Property(Path)]</label2>
							<onclick>noop</onclick>
							<visible>!IsEmpty(Container(100).ListItem.Property(Path))</visible>
						</item>
					</content>
				</control>
				<control type="list" id="130">
					<posx>430</posx>
					<posy>118</posy>
					<width>800</width>
					<height>325</height>
					<onleft>130</onleft>
					<onright>130</onright>
					<onup>190</onup>
					<ondown>190</ondown>
					<pagecontrol>-</pagecontrol>
					<scrolltime>200</scrolltime>
					<itemlayout width="800" height="35">
						<control type="label">
							<posx>165</posx>
							<posy>0</posy>
							<width>165</width>
							<height>35</height>
							<font>METF_DialogMediumBold</font>
							<align>right</align>
							<aligny>center</aligny>
							<textcolor>GlobalHeading</textcolor>
							<selectedcolor>GlobalHeading</selectedcolor>
							<label>$INFO[ListItem.Label]</label>
						</control>
						<control type="label">
							<posx>175</posx>
							<posy>0</posy>
							<width>625</width>
							<height>35</height>
							<font>METF_DialogMedium</font>
							<align>left</align>
							<aligny>center</aligny>
							<textcolor>TextNF</textcolor>
							<selectedcolor>FFFFFFFF</selectedcolor>
							<label>$INFO[ListItem.Label2]</label>
						</control>
					</itemlayout>
					<focusedlayout width="800" height="35">
						<control type="image">
							<posx>0</posx>
							<posy>0</posy>
							<width>800</width>
							<height>35</height>
							<texture border="5">ButtonFo.png</texture>
							<visible>Control.HasFocus(130)</visible>
						</control>
						<control type="label">
							<posx>165</posx>
							<posy>0</posy>
							<width>165</width>
							<height>35</height>
							<font>METF_DialogMediumBold</font>
							<align>right</align>
							<aligny>center</aligny>
							<textcolor>GlobalHeading</textcolor>
							<selectedcolor>GlobalHeading</selectedcolor>
							<label>$INFO[ListItem.Label]</label>
						</control>
						<control type="label">
							<posx>175</posx>
							<posy>0</posy>
							<width>625</width>
							<height>35</height>
							<font>METF_DialogMedium</font>
							<align>left</align>
							<aligny>center</aligny>
							<textcolor>TextNF</textcolor>
							<selectedcolor>FFFFFFFF</selectedcolor>
							<label>$INFO[ListItem.Label2]</label>
						</control>
					</focusedlayout>
					<content>
						<item>
							<label>$LOCALIZE[20364]:</label>
							<label2>$INFO[Container(100).ListItem.Property(TVShowTitle)]</label2>
							<onclick>noop</onclick>
							<visible>!IsEmpty(Container(100).ListItem.Property(TVShowTitle))</visible>
						</item>
						<item>
							<label>$LOCALIZE[20360]:</label>
							<label2>$INFO[Container(100).ListItem.Property(Episode)]</label2>
							<onclick>noop</onclick>
							<visible>!IsEmpty(Container(100).ListItem.Property(Episode))</visible>
						</item>
						<item>
							<label>$LOCALIZE[567]:</label>
							<label2>$INFO[Container(100).ListItem.Property(Playcount)]</label2>
							<onclick>noop</onclick>
							<visible>!IsEmpty(Container(100).ListItem.Property(Playcount))</visible>
						</item>
						<item>
							<label>$LOCALIZE[15311]</label>
							<label2>$INFO[Container(100).ListItem.Property(Path)]</label2>
							<onclick>noop</onclick>
							<visible>!IsEmpty(Container(100).ListItem.Property(Path))</visible>
						</item>
					</content>
				</control>
				<control type="list" id="140">
					<posx>430</posx>
					<posy>118</posy>
					<width>800</width>
					<height>325</height>
					<onleft>140</onleft>
					<onright>140</onright>
					<onup>190</onup>
					<ondown>190</ondown>
					<pagecontrol>-</pagecontrol>
					<scrolltime>200</scrolltime>
					<itemlayout width="800" height="35">
						<control type="label">
							<posx>165</posx>
							<posy>0</posy>
							<width>165</width>
							<height>35</height>
							<font>METF_DialogMediumBold</font>
							<align>right</align>
							<aligny>center</aligny>
							<textcolor>GlobalHeading</textcolor>
							<selectedcolor>GlobalHeading</selectedcolor>
							<label>$INFO[ListItem.Label]</label>
						</control>
						<control type="label">
							<posx>175</posx>
							<posy>0</posy>
							<width>625</width>
							<height>35</height>
							<font>METF_DialogMedium</font>
							<align>left</align>
							<aligny>center</aligny>
							<textcolor>TextNF</textcolor>
							<selectedcolor>FFFFFFFF</selectedcolor>
							<label>$INFO[ListItem.Label2]</label>
						</control>
					</itemlayout>
					<focusedlayout width="800" height="35">
						<control type="image">
							<posx>0</posx>
							<posy>0</posy>
							<width>800</width>
							<height>35</height>
							<texture border="5">ButtonFo.png</texture>
							<visible>Control.HasFocus(140)</visible>
						</control>
						<control type="label">
							<posx>165</posx>
							<posy>0</posy>
							<width>165</width>
							<height>35</height>
							<font>METF_DialogMediumBold</font>
							<align>right</align>
							<aligny>center</aligny>
							<textcolor>GlobalHeading</textcolor>
							<selectedcolor>GlobalHeading</selectedcolor>
							<label>$INFO[ListItem.Label]</label>
						</control>
						<control type="label">
							<posx>175</posx>
							<posy>0</posy>
							<width>625</width>
							<height>35</height>
							<font>METF_DialogMedium</font>
							<align>left</align>
							<aligny>center</aligny>
							<textcolor>TextNF</textcolor>
							<selectedcolor>FFFFFFFF</selectedcolor>
							<label>$INFO[ListItem.Label2]</label>
						</control>
					</focusedlayout>
					<content>
						<item>
							<label>$LOCALIZE[20364]:</label>
							<label2>$INFO[Container(100).ListItem.Property(TVShowTitle)]</label2>
							<onclick>noop</onclick>
							<visible>!IsEmpty(Container(100).ListItem.Property(TVShowTitle))</visible>
						</item>
						<item>
							<label>$LOCALIZE[20373]:</label>
							<label2>$INFO[Container(100).ListItem.Property(Season)]</label2>
							<onclick>noop</onclick>
							<visible>!IsEmpty(Container(100).ListItem.Property(Season))</visible>
						</item>
						<item>
							<label>$LOCALIZE[20360]:</label>
							<label2>$INFO[Container(100).ListItem.Property(Episode)]</label2>
							<onclick>noop</onclick>
							<visible>!IsEmpty(Container(100).ListItem.Property(Episode))</visible>
						</item>
						<item>
							<label>$LOCALIZE[20339]:</label>
							<label2>$INFO[Container(100).ListItem.Property(Director)]</label2>
							<onclick>noop</onclick>
							<visible>!IsEmpty(Container(100).ListItem.Property(Director))</visible>
						</item>
						<item>
							<label>$LOCALIZE[20416]:</label>
							<label2>$INFO[Container(100).ListItem.Property(Premiered)]</label2>
							<onclick>noop</onclick>
							<visible>!IsEmpty(Container(100).ListItem.Property(Premiered))</visible>
						</item>
						<item>
							<label>$LOCALIZE[2050]:</label>
							<label2>$INFO[Container(100).ListItem.Property(Duration),, $LOCALIZE[12391]]</label2>
							<onclick>noop</onclick>
							<visible>!IsEmpty(Container(100).ListItem.Property(Duration)) + !SubString(Container(100).ListItem.Property(Duration),min)</visible>
						</item>
						<item>
							<label>$LOCALIZE[2050]:</label>
							<label2>$INFO[Container(100).ListItem.Property(Duration)]</label2>
							<onclick>noop</onclick>
							<visible>!IsEmpty(Container(100).ListItem.Property(Duration)) + SubString(Container(100).ListItem.Property(Duration),min)</visible>
						</item>
						<item>
							<label>$LOCALIZE[563]:</label>
							<label2>$INFO[Container(100).ListItem.Property(Rating)]</label2>
							<onclick>noop</onclick>
							<visible>!IsEmpty(Container(100).ListItem.Property(Rating))</visible>
						</item>
						<item>
							<label>$LOCALIZE[567]:</label>
							<label2>$INFO[Container(100).ListItem.Property(Playcount)]</label2>
							<onclick>noop</onclick>
							<visible>!IsEmpty(Container(100).ListItem.Property(Playcount))</visible>
						</item>
						<item>
							<label>$LOCALIZE[15311]</label>
							<label2>$INFO[Container(100).ListItem.Property(Path)]</label2>
							<onclick>noop</onclick>
							<visible>!IsEmpty(Container(100).ListItem.Property(Path))</visible>
						</item>
					</content>
				</control>
				<control type="list" id="150">
					<posx>430</posx>
					<posy>118</posy>
					<width>800</width>
					<height>325</height>
					<onleft>150</onleft>
					<onright>150</onright>
					<onup>190</onup>
					<ondown>190</ondown>
					<pagecontrol>-</pagecontrol>
					<scrolltime>200</scrolltime>
					<itemlayout width="800" height="35">
						<control type="label">
							<posx>165</posx>
							<posy>0</posy>
							<width>165</width>
							<height>35</height>
							<font>METF_DialogMediumBold</font>
							<align>right</align>
							<aligny>center</aligny>
							<textcolor>GlobalHeading</textcolor>
							<selectedcolor>GlobalHeading</selectedcolor>
							<label>$INFO[ListItem.Label]</label>
						</control>
						<control type="label">
							<posx>175</posx>
							<posy>0</posy>
							<width>625</width>
							<height>35</height>
							<font>METF_DialogMedium</font>
							<align>left</align>
							<aligny>center</aligny>
							<textcolor>TextNF</textcolor>
							<selectedcolor>FFFFFFFF</selectedcolor>
							<label>$INFO[ListItem.Label2]</label>
						</control>
					</itemlayout>
					<focusedlayout width="800" height="35">
						<control type="image">
							<posx>0</posx>
							<posy>0</posy>
							<width>800</width>
							<height>30</height>
							<texture border="5">ButtonFo.png</texture>
							<visible>Control.HasFocus(150)</visible>
						</control>
						<control type="label">
							<posx>165</posx>
							<posy>0</posy>
							<width>165</width>
							<height>35</height>
							<font>METF_DialogMediumBold</font>
							<align>right</align>
							<aligny>center</aligny>
							<textcolor>GlobalHeading</textcolor>
							<selectedcolor>GlobalHeading</selectedcolor>
							<label>$INFO[ListItem.Label]</label>
						</control>
						<control type="label">
							<posx>175</posx>
							<posy>0</posy>
							<width>625</width>
							<height>35</height>
							<font>METF_DialogMedium</font>
							<align>left</align>
							<aligny>center</aligny>
							<textcolor>TextNF</textcolor>
							<selectedcolor>FFFFFFFF</selectedcolor>
							<label>$INFO[ListItem.Label2]</label>
						</control>
					</focusedlayout>
					<content>
						<item>
							<label>$LOCALIZE[557]:</label>
							<label2>$INFO[Container(100).ListItem.Property(Artist)]</label2>
							<onclick>noop</onclick>
							<visible>!IsEmpty(Container(100).ListItem.Property(Artist))</visible>
						</item>
						<item>
							<label>$LOCALIZE[558]:</label>
							<label2>$INFO[Container(100).ListItem.Property(Album)]</label2>
							<onclick>noop</onclick>
							<visible>!IsEmpty(Container(100).ListItem.Property(Album))</visible>
						</item>
						<item>
							<label>$LOCALIZE[515]:</label>
							<label2>$INFO[Container(100).ListItem.Property(Genre)]</label2>
							<onclick>noop</onclick>
							<visible>!IsEmpty(Container(100).ListItem.Property(Genre))</visible>
						</item>
						<item>
							<label>$LOCALIZE[572]:</label>
							<label2>$INFO[Container(100).ListItem.Property(Studio)]</label2>
							<onclick>noop</onclick>
							<visible>!IsEmpty(Container(100).ListItem.Property(Studio))</visible>
						</item>
						<item>
							<label>$LOCALIZE[20339]:</label>
							<label2>$INFO[Container(100).ListItem.Property(Director)]</label2>
							<onclick>noop</onclick>
							<visible>!IsEmpty(Container(100).ListItem.Property(Director))</visible>
						</item>
						<item>
							<label>$LOCALIZE[562]:</label>
							<label2>$INFO[Container(100).ListItem.Property(Year)]</label2>
							<onclick>noop</onclick>
							<visible>!IsEmpty(Container(100).ListItem.Property(Year))</visible>
						</item>
						<item>
							<label>$LOCALIZE[2050]:</label>
							<label2>$INFO[Container(100).ListItem.Property(Duration)]</label2>
							<onclick>noop</onclick>
							<visible>!IsEmpty(Container(100).ListItem.Property(Duration))</visible>
						</item>
						<item>
							<label>$LOCALIZE[567]:</label>
							<label2>$INFO[Container(100).ListItem.Property(Playcount)]</label2>
							<onclick>noop</onclick>
							<visible>!IsEmpty(Container(100).ListItem.Property(Playcount))</visible>
						</item>
						<item>
							<label>$LOCALIZE[15311]</label>
							<label2>$INFO[Container(100).ListItem.Property(Path)]</label2>
							<onclick>noop</onclick>
							<visible>!IsEmpty(Container(100).ListItem.Property(Path))</visible>
						</item>
					</content>
				</control>
				<control type="list" id="160">
					<posx>430</posx>
					<posy>118</posy>
					<width>800</width>
					<height>325</height>
					<onleft>160</onleft>
					<onright>160</onright>
					<onup>190</onup>
					<ondown>190</ondown>
					<pagecontrol>-</pagecontrol>
					<scrolltime>200</scrolltime>
					<itemlayout width="800" height="35">
						<control type="label">
							<posx>165</posx>
							<posy>0</posy>
							<width>165</width>
							<height>35</height>
							<font>METF_DialogMediumBold</font>
							<align>right</align>
							<aligny>center</aligny>
							<textcolor>GlobalHeading</textcolor>
							<selectedcolor>GlobalHeading</selectedcolor>
							<label>$INFO[ListItem.Label]</label>
						</control>
						<control type="label">
							<posx>175</posx>
							<posy>0</posy>
							<width>625</width>
							<height>35</height>
							<font>METF_DialogMedium</font>
							<align>left</align>
							<aligny>center</aligny>
							<textcolor>TextNF</textcolor>
							<selectedcolor>FFFFFFFF</selectedcolor>
							<label>$INFO[ListItem.Label2]</label>
						</control>
					</itemlayout>
					<focusedlayout width="800" height="35">
						<control type="image">
							<posx>0</posx>
							<posy>0</posy>
							<width>800</width>
							<height>35</height>
							<texture border="5">ButtonFo.png</texture>
							<visible>Control.HasFocus(160)</visible>
						</control>
						<control type="label">
							<posx>165</posx>
							<posy>0</posy>
							<width>165</width>
							<height>35</height>
							<font>METF_DialogMediumBold</font>
							<align>right</align>
							<aligny>center</aligny>
							<textcolor>GlobalHeading</textcolor>
							<selectedcolor>GlobalHeading</selectedcolor>
							<label>$INFO[ListItem.Label]</label>
						</control>
						<control type="label">
							<posx>175</posx>
							<posy>0</posy>
							<width>625</width>
							<height>35</height>
							<font>METF_DialogMedium</font>
							<align>left</align>
							<aligny>center</aligny>
							<textcolor>TextNF</textcolor>
							<selectedcolor>FFFFFFFF</selectedcolor>
							<label>$INFO[ListItem.Label2]</label>
						</control>
					</focusedlayout>
					<content>
						<item>
							<label>$LOCALIZE[21893]:</label>
							<label2>$INFO[Container(100).ListItem.Property(Artist_Born)]</label2>
							<onclick>noop</onclick>
							<visible>!IsEmpty(Container(100).ListItem.Property(Artist_Born))</visible>
						</item>
						<item>
							<label>$LOCALIZE[21894]:</label>
							<label2>$INFO[Container(100).ListItem.Property(Artist_Formed)]</label2>
							<onclick>noop</onclick>
							<visible>!IsEmpty(Container(100).ListItem.Property(Artist_Formed))</visible>
						</item>
						<item>
							<label>$LOCALIZE[21897]:</label>
							<label2>$INFO[Container(100).ListItem.Property(Artist_Died)]</label2>
							<onclick>noop</onclick>
							<visible>!IsEmpty(Container(100).ListItem.Property(Artist_Died))</visible>
						</item>
						<item>
							<label>$LOCALIZE[21896]:</label>
							<label2>$INFO[Container(100).ListItem.Property(Artist_Disbanded)]</label2>
							<onclick>noop</onclick>
							<visible>!IsEmpty(Container(100).ListItem.Property(Artist_Disbanded))</visible>
						</item>
						<item>
							<label>$LOCALIZE[21898]:</label>
							<label2>$INFO[Container(100).ListItem.Property(Artist_YearsActive)]</label2>
							<onclick>noop</onclick>
							<visible>!IsEmpty(Container(100).ListItem.Property(Artist_YearsActive))</visible>
						</item>
						<item>
							<label>$LOCALIZE[175]:</label>
							<label2>$INFO[Container(100).ListItem.Property(Artist_Mood)]</label2>
							<onclick>noop</onclick>
							<visible>!IsEmpty(Container(100).ListItem.Property(Artist_Mood))</visible>
						</item>
						<item>
							<label>$LOCALIZE[176]:</label>
							<label2>$INFO[Container(100).ListItem.Property(Artist_Style)]</label2>
							<onclick>noop</onclick>
							<visible>!IsEmpty(Container(100).ListItem.Property(Artist_Style))</visible>
						</item>
						<item>
							<label>$LOCALIZE[515]:</label>
							<label2>$INFO[Container(100).ListItem.Property(Genre)]</label2>
							<onclick>noop</onclick>
							<visible>!IsEmpty(Container(100).ListItem.Property(Genre))</visible>
						</item>
						<item>
							<label>$LOCALIZE[15311]:</label>
							<label2>$INFO[Container(100).ListItem.Property(Path)]</label2>
							<onclick>noop</onclick>
							<visible>!IsEmpty(Container(100).ListItem.Property(Path))</visible>
						</item>
					</content>
				</control>
				<control type="list" id="170">
					<posx>430</posx>
					<posy>118</posy>
					<width>800</width>
					<height>325</height>
					<onleft>170</onleft>
					<onright>170</onright>
					<onup>190</onup>
					<ondown>190</ondown>
					<pagecontrol>-</pagecontrol>
					<scrolltime>200</scrolltime>
					<itemlayout width="800" height="35">
						<control type="label">
							<posx>165</posx>
							<posy>0</posy>
							<width>165</width>
							<height>35</height>
							<font>METF_DialogMediumBold</font>
							<align>right</align>
							<aligny>center</aligny>
							<textcolor>GlobalHeading</textcolor>
							<selectedcolor>GlobalHeading</selectedcolor>
							<label>$INFO[ListItem.Label]</label>
						</control>
						<control type="label">
							<posx>175</posx>
							<posy>0</posy>
							<width>625</width>
							<height>35</height>
							<font>METF_DialogMedium</font>
							<align>left</align>
							<aligny>center</aligny>
							<textcolor>TextNF</textcolor>
							<selectedcolor>FFFFFFFF</selectedcolor>
							<label>$INFO[ListItem.Label2]</label>
						</control>
					</itemlayout>
					<focusedlayout width="800" height="35">
						<control type="image">
							<posx>0</posx>
							<posy>0</posy>
							<width>800</width>
							<height>35</height>
							<texture border="5">ButtonFo.png</texture>
							<visible>Control.HasFocus(170)</visible>
						</control>
						<control type="label">
							<posx>165</posx>
							<posy>0</posy>
							<width>165</width>
							<height>35</height>
							<font>METF_DialogMediumBold</font>
							<align>right</align>
							<aligny>center</aligny>
							<textcolor>GlobalHeading</textcolor>
							<selectedcolor>GlobalHeading</selectedcolor>
							<label>$INFO[ListItem.Label]</label>
						</control>
						<control type="label">
							<posx>175</posx>
							<posy>0</posy>
							<width>625</width>
							<height>35</height>
							<font>METF_DialogMedium</font>
							<align>left</align>
							<aligny>center</aligny>
							<textcolor>TextNF</textcolor>
							<selectedcolor>FFFFFFFF</selectedcolor>
							<label>$INFO[ListItem.Label2]</label>
						</control>
					</focusedlayout>
					<content>
						<item>
							<label>$LOCALIZE[557]:</label>
							<label2>$INFO[Container(100).ListItem.Property(Artist)]</label2>
							<onclick>noop</onclick>
							<visible>!IsEmpty(Container(100).ListItem.Property(Artist))</visible>
						</item>
						<item>
							<label>$LOCALIZE[515]:</label>
							<label2>$INFO[Container(100).ListItem.Property(Genre)]</label2>
							<onclick>noop</onclick>
							<visible>!IsEmpty(Container(100).ListItem.Property(Genre))</visible>
						</item>
						<item>
							<label>$LOCALIZE[563]:</label>
							<label2>$INFO[Container(100).ListItem.Property(Album_Rating)]</label2>
							<onclick>noop</onclick>
							<visible>!IsEmpty(Container(100).ListItem.Property(Rating))</visible>
						</item>
						<item>
							<label>$LOCALIZE[175]:</label>
							<label2>$INFO[Container(100).ListItem.Property(Album_Mood)]</label2>
							<onclick>noop</onclick>
							<visible>!IsEmpty(Container(100).ListItem.Property(Album_Mood))</visible>
						</item>
						<item>
							<label>$LOCALIZE[176]:</label>
							<label2>$INFO[Container(100).ListItem.Property(Album_Style)]</label2>
							<onclick>noop</onclick>
							<visible>!IsEmpty(Container(100).ListItem.Property(Album_Style))</visible>
						</item>
						<item>
							<label>$LOCALIZE[21895]:</label>
							<label2>$INFO[Container(100).ListItem.Property(Album_Theme)]</label2>
							<onclick>noop</onclick>
							<visible>!IsEmpty(Container(100).ListItem.Property(Album_Theme))</visible>
						</item>
						<item>
							<label>$LOCALIZE[146]</label>
							<label2>$INFO[Container(100).ListItem.Property(Album_Type)]</label2>
							<onclick>noop</onclick>
							<visible>!IsEmpty(Container(100).ListItem.Property(Album_Type))</visible>
						</item>
						<item>
							<label>$LOCALIZE[21899]:</label>
							<label2>$INFO[Container(100).ListItem.Property(Album_Label)]</label2>
							<onclick>noop</onclick>
							<visible>!IsEmpty(Container(100).ListItem.Property(Album_Label))</visible>
						</item>
						<item>
							<label>$LOCALIZE[562]:</label>
							<label2>$INFO[Container(100).ListItem.Property(Year)]</label2>
							<onclick>noop</onclick>
							<visible>!IsEmpty(Container(100).ListItem.Property(Year))</visible>
						</item>
						<item>
							<label>$LOCALIZE[15311]</label>
							<label2>$INFO[Container(100).ListItem.Property(Path)]</label2>
							<onclick>noop</onclick>
							<visible>!IsEmpty(Container(100).ListItem.Property(Path))</visible>
						</item>
					</content>
				</control>
				<control type="list" id="180">
					<posx>430</posx>
					<posy>118</posy>
					<width>800</width>
					<height>325</height>
					<onleft>180</onleft>
					<onright>180</onright>
					<onup>190</onup>
					<ondown>190</ondown>
					<pagecontrol>-</pagecontrol>
					<scrolltime>200</scrolltime>
					<itemlayout width="800" height="35">
						<control type="label">
							<posx>165</posx>
							<posy>0</posy>
							<width>165</width>
							<height>35</height>
							<font>METF_DialogMediumBold</font>
							<align>right</align>
							<aligny>center</aligny>
							<textcolor>GlobalHeading</textcolor>
							<selectedcolor>GlobalHeading</selectedcolor>
							<label>$INFO[ListItem.Label]</label>
						</control>
						<control type="label">
							<posx>175</posx>
							<posy>0</posy>
							<width>625</width>
							<height>35</height>
							<font>METF_DialogMedium</font>
							<align>left</align>
							<aligny>center</aligny>
							<textcolor>TextNF</textcolor>
							<selectedcolor>FFFFFFFF</selectedcolor>
							<label>$INFO[ListItem.Label2]</label>
						</control>
					</itemlayout>
					<focusedlayout width="800" height="35">
						<control type="image">
							<posx>0</posx>
							<posy>0</posy>
							<width>800</width>
							<height>35</height>
							<texture border="5">ButtonFo.png</texture>
							<visible>Control.HasFocus(180)</visible>
						</control>
						<control type="label">
							<posx>165</posx>
							<posy>0</posy>
							<width>165</width>
							<height>35</height>
							<font>METF_DialogMediumBold</font>
							<align>right</align>
							<aligny>center</aligny>
							<textcolor>GlobalHeading</textcolor>
							<selectedcolor>GlobalHeading</selectedcolor>
							<label>$INFO[ListItem.Label]</label>
						</control>
						<control type="label">
							<posx>175</posx>
							<posy>0</posy>
							<width>625</width>
							<height>35</height>
							<font>METF_DialogMedium</font>
							<align>left</align>
							<aligny>center</aligny>
							<textcolor>TextNF</textcolor>
							<selectedcolor>FFFFFFFF</selectedcolor>
							<label>$INFO[ListItem.Label2]</label>
						</control>
					</focusedlayout>
					<content>
						<item>
							<label>$LOCALIZE[557]:</label>
							<label2>$INFO[Container(100).ListItem.Property(Artist)]</label2>
							<onclick>noop</onclick>
							<visible>!IsEmpty(Container(100).ListItem.Property(Artist))</visible>
						</item>
						<item>
							<label>$LOCALIZE[558]</label>
							<label2>$INFO[Container(100).ListItem.Property(Album)]</label2>
							<onclick>noop</onclick>
							<visible>!IsEmpty(Container(100).ListItem.Property(Album))</visible>
						</item>
						<item>
							<label>$LOCALIZE[554]:</label>
							<label2>$INFO[Container(100).ListItem.Property(Track)]</label2>
							<onclick>noop</onclick>
							<visible>!IsEmpty(Container(100).ListItem.Property(Track))</visible>
						</item>
						<item>
							<label>$LOCALIZE[2050]:</label>
							<label2>$INFO[Container(100).ListItem.Property(Duration),, $LOCALIZE[12391]]</label2>
							<onclick>noop</onclick>
							<visible>!IsEmpty(Container(100).ListItem.Property(Duration)) + !SubString(Container(100).ListItem.Property(Duration),min)</visible>
						</item>
						<item>
							<label>$LOCALIZE[2050]:</label>
							<label2>$INFO[Container(100).ListItem.Property(Duration)]</label2>
							<onclick>noop</onclick>
							<visible>!IsEmpty(Container(100).ListItem.Property(Duration)) + SubString(Container(100).ListItem.Property(Duration),min)</visible>
						</item>
						<item>
							<label>$LOCALIZE[563]:</label>
							<label2>$INFO[Container(100).ListItem.Property(Rating)]</label2>
							<onclick>noop</onclick>
							<visible>!IsEmpty(Container(100).ListItem.Property(Rating))</visible>
						</item>
						<item>
							<label>$LOCALIZE[515]:</label>
							<label2>$INFO[Container(100).ListItem.Property(Genre)]</label2>
							<onclick>noop</onclick>
							<visible>!IsEmpty(Container(100).ListItem.Property(Genre))</visible>
						</item>
						<item>
							<label>$LOCALIZE[562]:</label>
							<label2>$INFO[Container(100).ListItem.Property(Year)]</label2>
							<onclick>noop</onclick>
							<visible>!IsEmpty(Container(100).ListItem.Property(Year))</visible>
						</item>
						<item>
							<label>$LOCALIZE[567]:</label>
							<label2>$INFO[Container(100).ListItem.Property(Playcount)]</label2>
							<onclick>noop</onclick>
							<visible>!IsEmpty(Container(100).ListItem.Property(Playcount))</visible>
						</item>
						<item>
							<label>$LOCALIZE[15311]</label>
							<label2>$INFO[Container(100).ListItem.Property(Path)]</label2>
							<onclick>noop</onclick>
							<visible>!IsEmpty(Container(100).ListItem.Property(Path))</visible>
						</item>
					</content>
				</control>
			</control>
			<control type="textbox">
				<posx>30</posx>
				<posy>560</posy>
				<width>1050</width>
				<height>140</height>
				<font>METF_PlotText</font>
				<align>left</align>
				<textcolor>TextNF</textcolor>
				<pagecontrol>195</pagecontrol>
				<label>$INFO[Container(100).ListItem.Property(Plot)]</label>
				<autoscroll time="3000" delay="5000" repeat="5000">true</autoscroll>
				<visible>Control.IsVisible(110) | Control.IsVisible(120) | Control.IsVisible(140) | Control.IsVisible(150)</visible>
			</control>
			<control type="textbox">
				<posx>30</posx>
				<posy>560</posy>
				<width>1050</width>
				<height>140</height>
				<font>METF_PlotText</font>
				<align>left</align>
				<textcolor>TextNF</textcolor>
				<pagecontrol>195</pagecontrol>
				<label>$INFO[Container(100).ListItem.Property(Artist_Description)]</label>
				<autoscroll time="3000" delay="5000" repeat="5000">true</autoscroll>
				<visible>Control.IsVisible(160)</visible>
			</control>
			<control type="textbox">
				<posx>30</posx>
				<posy>560</posy>
				<width>1050</width>
				<height>140</height>
				<font>METF_PlotText</font>
				<align>left</align>
				<textcolor>TextNF</textcolor>
				<pagecontrol>195</pagecontrol>
				<label>$INFO[Container(100).ListItem.Property(Album_Description)]</label>
				<autoscroll time="3000" delay="5000" repeat="5000">true</autoscroll>
				<visible>Control.IsVisible(170)</visible>
			</control>
			<control type="textbox">
				<posx>30</posx>
				<posy>560</posy>
				<width>1050</width>
				<height>140</height>
				<font>METF_PlotText</font>
				<align>left</align>
				<textcolor>TextNF</textcolor>
				<pagecontrol>195</pagecontrol>
				<label>$INFO[Container(100).ListItem.Property(Comment)]</label>
				<autoscroll time="3000" delay="5000" repeat="5000">true</autoscroll>
				<visible>Control.IsVisible(180)</visible>
			</control>			
			<control type="grouplist" id="190">
				<posx>350</posx>
				<posy>480</posy>
				<width>1100</width>
				<height>40</height>
				<itemgap>10</itemgap>
				<align>center</align>
				<orientation>horizontal</orientation>
				<onleft>190</onleft>
				<onright>190</onright>
				<onup>195</onup>
				<ondown>101</ondown>
				<control type="button" id="191">
					<width>200</width>
					<height>40</height>
					<label>$LOCALIZE[186]</label>
					<align>center</align>
					<aligny>center</aligny>
					<texturefocus border="5">ButtonFO2Wide.png</texturefocus>
				</control>
				<control type="button" id="192">
					<width>200</width>
					<height>40</height>
					<label>-</label>
					<align>center</align>
					<aligny>center</aligny>
					<texturefocus border="5">ButtonFO2Wide.png</texturefocus>
				</control>
				<control type="button" id="193">
					<width>200</width>
					<height>40</height>
					<label>-</label>
					<align>center</align>
					<aligny>center</aligny>
					<texturefocus border="5">ButtonFO2Wide.png</texturefocus>
				</control>
			</control>		
		</control>					
		<control type="label">
			<description>Header label</description>
			<posx>30</posx>
			<posy>10</posy>
			<include>Global_HeadingSectionVars</include>
			<label>$LOCALIZE[20060]</label>
		</control>
		<control type="image">
			<posx>640</posx>
			<posy>440</posy>
			<width>30</width>
			<height>30</height>
			<texture>ArrowDown.png</texture>
			<colordiffuse>HelpArrowDiffuse</colordiffuse>
			<visible>Control.IsVisible(110)</visible>
		</control>
		<include>Global_Weather</include>
		<include>Global_Time</include>
	</controls>
</window>
