<?xml version="1.0" encoding="UTF-8"?>
<window id="12">
	<defaultcontrol>3</defaultcontrol>
	<allowoverlay>yes</allowoverlay>
	<controls>
		<include>Global_Background</include>
		<control type="group">
			<animation type="Conditional" condition="Window.IsActive(locksettings) | Window.IsActive(yesnodialog)">
				<effect type="zoom" time="600" center="640,360" start="100" end="50" tween="cubic" easing="inout" />
				<effect type="fade" time="400" start="100" end="0" />
			</animation>
			<control type="grouplist" id="3">
				<description>Button Area</description>
				<include>Animation_FadedByMenu</include>
				<include>Animation_OpenCloseFade</include>
				<include>Animation_CommonFadeNoHide</include>
				<posx>0</posx>
				<posy>80</posy>
				<width>380</width>
				<height>456</height>
				<itemgap>0</itemgap>
				<scrolltime>0</scrolltime>
				<onleft>5</onleft>
				<onright>5</onright>
				<onup>20</onup>
				<ondown>3</ondown>
				<orientation>vertical</orientation>
			</control>
			<control type="grouplist" id="5">
				<description>Control Area</description>
				<include>Animation_FadedByMenu</include>
				<include>Animation_OpenCloseFade</include>
				<include>Animation_CommonFadeNoHide</include>
				<posx>440</posx>
				<posy>80</posy>
				<width>840</width>
				<height>456</height>
				<scrolltime>0</scrolltime>
				<itemgap>0</itemgap>
				<onleft>3</onleft>
				<onright>3</onright>
				<onup>5</onup>
				<ondown>5</ondown>
				<orientation>vertical</orientation>
			</control>
			<control type="button" id="7">
				<description>Default Button</description>
				<include>SettingsLabel</include>
			</control>
			<control type="radiobutton" id="8">
				<description>Default Radio Button</description>
				<include>SettingsLabel</include>
			</control>
			<control type="spincontrolex" id="9">
				<description>Default Spin Control</description>
				<include>SettingsLabel</include>
			</control>
			<control type="button" id="10">
				<description>Default Category Button</description>
				<width>370</width>
				<height>50</height>
				<textoffsetx>20</textoffsetx>
				<font>METF_TitleTextMedium</font>
				<textcolor>SettingsDetail</textcolor>
				<focusedcolor>DialogTextFO</focusedcolor>
				<align>right</align>
				<aligny>center</aligny>
				<texturefocus>ButtonFo.png</texturefocus>
				<texturenofocus>-</texturenofocus>
				<alttexturefocus>ButtonFo.png</alttexturefocus>
				<alttexturenofocus>-</alttexturenofocus>
				<pulseonselect>false</pulseonselect>
			</control>
			<control type="textbox" id="6">
				<include>Animation_FadedByMenu</include>
				<include>Animation_OpenCloseFade</include>
				<include>Animation_HiddenByInfo</include>
				<animation effect="fade" start="100" end="0" time="200">Hidden</animation>
				<posx>300</posx>
				<posy>565</posy>
				<width>750</width>
				<height>66</height>
				<font>METF_PlotTextSmall</font>
				<include condition="!Skin.HasSetting(AutoScrollFast)">AutoScrollShort</include>
				<include condition="Skin.HasSetting(AutoScrollFast)">AutoScrollShortFast</include>
				<textcolor>LowerText</textcolor>
				<align>justify</align>
			</control>
		</control>
		<include>Global_ContextFilter</include>
		<include>Global_Weather</include>
		<include>Global_Time</include>
		<include>Global_Music</include>
		<include>Setting_Heading</include>
		<include condition="Skin.HasSetting(DebugGrid)">Object_DebugGrid</include>
		<include condition="Skin.HasSetting(DebugMode)">Debug</include>
	</controls>
</window>
