<?xml version="1.0" encoding="UTF-8"?>
<window id="123">
	<defaultcontrol always="true">5</defaultcontrol>
	<include>Animation_CommonFadeNoHide</include>
	<include>Animation_FadedByMenu</include>
	<controls>
		<control type="group">
			<posx>280</posx>
			<posy>65</posy>
			<animation effect="fade" start="100" end="0" time="400" condition="Window.IsVisible(SliderDialog) | Window.IsVisible(FileBrowser)">Conditional</animation>
			<!--  Menu Background Panel -->
			<control type="image">
				<description>background image</description>
				<posx>-40</posx>
				<posy>-30</posy>
				<width>740</width>
				<height>636</height>
				<texture>frames/Menu_Glass2c.png</texture>
				<colordiffuse>OSDDialogBackgroundColor</colordiffuse>
			</control>
			<!-- Menu -->
			<control type="label" id="2">
				<description>Settings Heading</description>
				<posx>10</posx>
				<posy>32</posy>
				<width>640</width>
				<height>40</height>
				<align>center</align>
				<aligny>center</aligny>
				<font>METF_SettingsHeading</font>
				<textcolor>DialogTextFO</textcolor>
			</control>
			<control type="grouplist" id="5">
				<description>Control Area</description>
				<posx>10</posx>
				<posy>80</posy>
				<width>640</width>
				<height>460</height>
				<itemgap>2</itemgap>
				<orientation>vertical</orientation>
				<pagecontrol>60</pagecontrol>
				<onleft>28</onleft>
				<onright>28</onright>
				<onup>5</onup>
				<ondown>5</ondown>
			</control>
			<control type="button" id="7">
				<description>Default Button</description>
				<width>300</width>
				<height>40</height>
				<align>left</align>
				<aligny>center</aligny>
				<font>METF_DialogLarge</font>
				<label>-</label>
				<textoffsetx>20</textoffsetx>
				<textcolor>TextNF</textcolor>
				<focusedcolor>DialogTextFO</focusedcolor>
				<disabledcolor>TextDisabled</disabledcolor>
				<texturefocus>ButtonFO2Wide.png</texturefocus>
				<texturenofocus>-</texturenofocus>
				<pulseonselect>false</pulseonselect>
			</control>
			<control type="radiobutton" id="8">
				<description>Default RadioButton</description>
				<width>300</width>
				<height>40</height>
				<align>left</align>
				<aligny>center</aligny>
				<font>METF_DialogLarge</font>
				<label>-</label>
				<textcolor>TextNF</textcolor>
				<focusedcolor>DialogTextFO</focusedcolor>
				<disabledcolor>TextDisabled</disabledcolor>
				<radiowidth>30</radiowidth>
				<radioheight>30</radioheight>
				<texturefocus>ButtonFO2Wide.png</texturefocus>
				<texturenofocus>-</texturenofocus>
				<!--
				<textureradiofocus>keyboard/RadioButtonFO.png</textureradiofocus>
				<textureradionofocus>keyboard/RadioButtonNF.png</textureradionofocus>
				-->
				<textureradiofocus>keyboard/RadiobuttonFO.png</textureradiofocus>
				<textureradionofocus>keyboard/RadiobuttonNF.png</textureradionofocus>
				<textoffsetx>20</textoffsetx>
				<pulseonselect>false</pulseonselect>
			</control>
			<control type="spincontrolex" id="9">
				<description>Default spincontrolex</description>
				<width>300</width>
				<height>40</height>
				<align>left</align>
				<aligny>center</aligny>
				<label>-</label>
				<font>METF_DialogLarge</font>
				<textoffsetx>20</textoffsetx>
				<textcolor>TextNF</textcolor>
				<focusedcolor>DialogTextFO</focusedcolor>
				<disabledcolor>TextDisabled</disabledcolor>
				<reverse>yes</reverse>
				<spinwidth>26</spinwidth>
				<spinheight>26</spinheight>
				<texturefocus>ButtonFO2Wide.png</texturefocus>
				<texturenofocus>-</texturenofocus>
				<!--
				<textureup>ArrowUpNF.png</textureup>
				<texturedown>ArrowDownNF.png</texturedown>
				<textureupfocus>ArrowUpFo.png</textureupfocus>
				<texturedownfocus>ArrowDownFo.png</texturedownfocus>
				-->
				<textureup>ArrowUpNF.png</textureup>
				<texturedown>ArrowDownNF.png</texturedown>
				<textureupfocus>ArrowUpFo.png</textureupfocus>
				<texturedownfocus>ArrowDownFo.png</texturedownfocus>
				<pulseonselect>false</pulseonselect>
			</control>
			<control type="sliderex" id="10">
				<description>Default Slider</description>
				<height>40</height>
				<width>300</width>
				<align>left</align>
				<font>METF_DialogLarge</font>
				<textcolor>TextNF</textcolor>
				<focusedcolor>DialogTextFO</focusedcolor>
				<disabledcolor>TextDisabled</disabledcolor>
				<textoffsetx>20</textoffsetx>
				<textoffsety>0</textoffsety>
				<sliderwidth>150</sliderwidth>
				<sliderheight>15</sliderheight>
				<texturefocus>ButtonFO2Wide.png</texturefocus>
				<texturenofocus>-</texturenofocus>
				<!--
				<texturesliderbar>osdsliderback.png</texturesliderbar>
				<textureslidernib>osdslidernib_2.png</textureslidernib>
				<textureslidernibfocus>osdslidernib.png</textureslidernibfocus>
				-->
				<texturesliderbar>osd/slider_bg.png</texturesliderbar>
				<textureslidernib border="2">osd/SliderNibNF.png</textureslidernib>
				<textureslidernibfocus border="2">osd/SliderNibFO.png</textureslidernibfocus>
			</control>
		</control>
		<include condition="Skin.HasSetting(DebugMode)">Debug</include>
	</controls>
</window>
