<?xml version="1.0" encoding="UTF-8"?>
<includes>
	<include name="Viewtype_PVR_EPG">
		<control type="group">
			<visible>Control.IsVisible(15)</visible>
			<!-- TV Guide By Channel -->
			<control type="group">
 				<posx>80</posx>
				<posy>50</posy>
				<control type="label">
					<description>Channel date/time header label</description>
					<posx>0</posx>
					<posy>0</posy>
					<width>300</width>
					<height>30</height>
					<align>center</align>
					<aligny>center</aligny>
					<include>LiveTVLabel</include>
					<label>$LOCALIZE[21820]</label>
				</control>
				<control type="label">
					<description>Channel title header label</description>
					<posx>300</posx>
					<posy>0</posy>
					<width>790</width>
					<height>30</height>
					<align>center</align>
					<aligny>center</aligny>
					<include>LiveTVLabel</include>
					<label>$LOCALIZE[369]</label>
				</control>
				<control type="list" id="15">
					<posx>0</posx>
					<posy>40</posy>
					<width>1100</width>
					<height>434</height>
					<onleft>31</onleft>
					<onright>75</onright>
					<pagecontrol>75</pagecontrol>
					<scrolltime>200</scrolltime>
					<itemlayout height="36">
						<control type="label">
							<description>Channel date/time label</description>
							<posx>150</posx>
							<posy>0</posy>
							<width>300</width>
							<height>36</height>
							<align>center</align>
							<aligny>center</aligny>
							<include>LiveTVLabel</include>
							<info>ListItem.Label2</info>
						</control>
						<control type="label">
							 <description>Channel title label</description>
							<posx>300</posx>
							<posy>0</posy>
							<width>790</width>
							<height>36</height>
							<align>left</align>
							<aligny>center</aligny>
							<include>LiveTVLabel</include>
							<info>ListItem.Label</info>
						</control>
					</itemlayout>
					<focusedlayout height="36">
						<description>Focus selection</description>
						<control type="image">
							<posx>0</posx>
							<posy>0</posy>
							<width>1090</width>
							<height>36</height>
							<texture>ButtonFo.png</texture>
						</control>
						<control type="label">
							<description>Channel date/time label</description>
							<posx>150</posx>
							<posy>0</posy>
							<width>300</width>
							<height>36</height>
							<align>center</align>
							<aligny>center</aligny>
							<include>LiveTVLabel</include>
							<info>ListItem.Label2</info>
						</control>
						<control type="label">
							<description>Channel title label</description>
							<posx>300</posx>
							<posy>0</posy>
							<width>790</width>
							<height>40</height>
							<align>left</align>
							<aligny>center</aligny>
							<include>LiveTVLabel</include>
							<info>ListItem.Label</info>
						</control>
					</focusedlayout>
				</control>
				<control type="scrollbar" id="75">
					<description>Channel scrollbar</description>
					<posx>1105</posx>
					<posy>30</posy>
					<width>25</width>
					<height>466</height>
					<texturesliderbackground>-</texturesliderbackground>
					<textureslidernibfocus>ScrollBarV_Nib_Focus.png</textureslidernibfocus>
					<onleft>15</onleft>
					<onright>31</onright>
					<showonepage>false</showonepage>
					<orientation>vertical</orientation>
					<visible>Control.IsVisible(15)</visible>
				</control>
			</control>
		</control>
		<!-- TV Guide Now/Next -->
		<control type="group">
			<description>TV Guide Now/Next</description>
			<visible>Control.IsVisible(16)</visible>
			<control type="group">
				<posx>90</posx>
				<posy>50</posy>
				<control type="label">
					<description>Channel start time header label</description>
					<posx>0</posx>
					<posy>0</posy>
					<width>120</width>
					<height>30</height>
					<align>center</align>
					<aligny>center</aligny>
					<include>LiveTVLabel</include>
					<label>$LOCALIZE[555]</label>
				</control>
				<control type="label">
					<description>Channel name header label</description>
					<posx>120</posx>
					<posy>0</posy>
					<width>250</width>
					<height>30</height>
					<align>center</align>
					<aligny>center</aligny>
					<include>LiveTVLabel</include>
					<label>$LOCALIZE[19148]</label>
				</control>
				<control type="label">
					<description>Channel title header label</description>
					<posx>370</posx>
					<posy>0</posy>
					<width>550</width>
					<height>30</height>
					<align>center</align>
					<aligny>center</aligny>
					<include>LiveTVLabel</include>
					<label>$LOCALIZE[369]</label>
				</control>
				<control type="list" id="16">
					<posx>0</posx>
					<posy>40</posy>
					<width>1100</width>
					<height>434</height>
					<onleft>31</onleft>
					<onright>76</onright>
					<pagecontrol>76</pagecontrol>
					<scrolltime>200</scrolltime>
					<itemlayout height="36">
						<control type="label">
		 					<description>Channel start time label</description>
							<posx>60</posx>
							<posy>0</posy>
							<width>120</width>
							<height>36</height>
							<align>center</align>
							<aligny>center</aligny>
							<include>LiveTVLabel</include>
							<info>ListItem.StartTime</info>
						</control>
						<control type="image">
							<description>Channel icon</description>
							<posx>130</posx>
							<posy>5</posy>
							<width>32</width>
							<height>32</height>
							<texture>$INFO[ListItem.Icon]</texture>
						</control>
						<control type="label">
							<description>Channel name label</description>
							<posx>180</posx>
							<posy>0</posy>
							<width>190</width>
							<height>36</height>
							<align>left</align>
							<aligny>center</aligny>
							<include>LiveTVLabel</include>
							<info>ListItem.ChannelName</info>
						</control>
						<control type="label">
							<description>Channel title label</description>
							<posx>380</posx>
							<posy>0</posy>
							<width>590</width>
							<height>36</height>
							<align>left</align>
							<aligny>center</aligny>
							<include>LiveTVLabel</include>
							<info>ListItem.Label</info>
						</control>
					</itemlayout>
					<focusedlayout height="36">
						<control type="image">
							<description>Focus selection</description>
							<width>1090</width>
							<height>36</height>
							<posx>0</posx>
							<posy>0</posy>
							<texture>ButtonFo.png</texture>
						</control>
						<control type="label">
							<description>Channel start time label</description>
							<posx>60</posx>
							<posy>0</posy>
							<width>120</width>
							<height>36</height>
							<align>center</align>
							<aligny>center</aligny>
							<include>LiveTVLabel</include>
							<info>ListItem.StartTime</info>
						</control>
						<control type="image">
							<description>Channel icon</description>
							<posx>130</posx>
							<posy>5</posy>
							<width>32</width>
							<height>32</height>
  							<texture>$INFO[ListItem.Icon]</texture>
						</control>
						<control type="label">
							<description>Channel name label</description>
							<posx>180</posx>
							<posy>0</posy>
							<width>190</width>
							<height>36</height>
							<align>left</align>
							<aligny>center</aligny>
							<include>LiveTVLabel</include>
							<info>ListItem.ChannelName</info>
						</control>
						<control type="label">
							<description>Channel title label</description>
							<posx>380</posx>
							<posy>0</posy>
							<width>690</width>
							<height>36</height>
							<align>left</align>
							<aligny>center</aligny>
							<include>LiveTVLabel</include>
							<info>ListItem.Label</info>
						</control>
					</focusedlayout>
				</control>
				<control type="scrollbar" id="76">
					<description>Channel scrollbar</description>
					<posx>1105</posx>
					<posy>30</posy>
					<width>25</width>
					<height>466</height>
					<texturesliderbackground>-</texturesliderbackground>
					<textureslidernibfocus>ScrollBarV_Nib_Focus.png</textureslidernibfocus>
					<onleft>16</onleft>
					<onright>31</onright>
					<showonepage>false</showonepage>
					<orientation>vertical</orientation>
					<visible>Control.IsVisible(16)</visible>
				</control>
			</control>
		</control>
		<!-- TV Guide Timeline -->
		<control type="group">
			<description>TV Guide Timeline</description>
			<visible>Control.IsVisible(10)</visible>
			<control type="epggrid" id="10">
				<description>EPG Grid</description>
				<posx>70</posx>
				<posy>60</posy>
				<width>1140</width>
				<height>456</height>
				<pagecontrol>10</pagecontrol>
				<scrolltime>350</scrolltime>
				<timeblocks>40</timeblocks>
				<rulerunit>6</rulerunit>
				<onleft>31</onleft>
				<onright>31</onright>
				<onup>10</onup>
				<ondown>10</ondown>
				<rulerlayout height="42" width="220">
					<control type="label" id="2">
						<posx>0</posx>
						<posy>0</posy>
						<width>200</width>
						<height>40</height>
						<align>left</align>
						<aligny>center</aligny>
						<include>LiveTVLabel</include>
						<info>ListItem.Label</info>
					</control>
				</rulerlayout>
				<channellayout height="42" width="220">
					<control type="image">
						<posx>5</posx>
						<posy>5</posy>
						<width>32</width>
						<height>32</height>
						<texture>$INFO[ListItem.Icon]</texture>
					</control>
					<control type="label" id="1">
						<posx>50</posx>
						<posy>0</posy>
						<width>155</width>
						<height>40</height>
						<align>left</align>
						<aligny>center</aligny>
						<include>LiveTVLabel</include>
						<info>ListItem.ChannelName</info>
					</control>
				</channellayout>
				<focusedchannellayout height="42" width="220">
					<description>Channel focus selection</description>
					<control type="image">
						<posx>0</posx>
						<posy>0</posy>
						<width>210</width>
						<height>40</height>
						<texture>ButtonFo.png</texture>
					</control>
					<control type="image">
						<posx>5</posx>
						<posy>5</posy>
						<width>32</width>
						<height>32</height>
						<texture>$INFO[ListItem.Icon]</texture>
					</control>
					<control type="label" id="1">
						<posx>50</posx>
						<posy>0</posy>
						<width>155</width>
						<height>40</height>
						<aligny>center</aligny>
						<align>left</align>
						<include>LiveTVLabel</include>
						<info>ListItem.ChannelName</info>
					</control>
				</focusedchannellayout>
				<itemlayout height="42" width="40">
					<control type="label" id="1">
						<posx>10</posx>
						<posy>0</posy>
						<width>20</width>
						<height>40</height>
						<align>left</align>
						<aligny>center</aligny>
						<include>LiveTVLabel</include>
						<info>ListItem.Label</info>
					</control>
				</itemlayout>
				<focusedlayout height="42" width="40">
					<description>Focus selection</description>
					<control type="image" id="14">
						<width>40</width>
						<height>40</height>
						<texture>ButtonFo.png</texture>
					</control>
					<control type="label" id="1">
						<posx>10</posx>
						<posy>0</posy>
						<width>20</width>
						<height>40</height>
						<align>left</align>
						<aligny>center</aligny>
						<align>left</align>
						<include>LiveTVLabel</include>
						<info>ListItem.Label</info>
					</control>
				</focusedlayout>
			</control>
			<!-- TV Channel Plot (Bottom) -->
			<include>LiveTVPlot</include>
		</control>
	</include>
</includes>
