<?xml version="1.0" encoding="UTF-8"?>
<includes>
	<include name="Viewtype_Logo">
		<control type="group">
			<visible>Control.IsVisible(56)</visible>
			<!-- Browser -->
			<control type="fixedlist" id="56">
				<posx>-105</posx>
				<posy>210</posy>
				<height>500</height>
				<width>1400</width>
				<include condition="!Skin.HasSetting(ViewLockdown)">OnUp7000</include>
				<ondown>60</ondown>
				<onleft>56</onleft>
				<onright>56</onright>
				<viewtype label="31054">icon</viewtype>
				<orientation>horizontal</orientation>
				<focusposition>2</focusposition>
				<scrolltime>200</scrolltime>
				<preloaditems>2</preloaditems>
				<pagecontrol>60</pagecontrol>
				<include>Animation_FadedByMenu</include>
				<include>Animation_OpenCloseFade</include>
				<include>Animation_HiddenByInfo</include>
				<visible>!Skin.HasSetting(NoViewLogo)</visible>
				<visible>Window.IsActive(videolibrary) + [Container.Content(movies) | Container.Content(tvshows)]</visible>
				<itemlayout width="294" height="194">
					<control type="image">
						<posx>9</posx>
						<posy>98</posy>
						<width>272</width>
						<height>153</height>
						<texture background="true">$VAR[ListClearartClearlogo]</texture>
						<fadetime>200</fadetime>
						<colordiffuse>LandscapeDiffuse</colordiffuse>
						<aspectratio aligny="center">keep</aspectratio>
						<include>Animation_HiddenByInfo</include>
					</control>
				</itemlayout>
				<focusedlayout width="318" height="178">
					<control type="image">
						<posx>12</posx>
						<posy>88</posy>
						<width>290</width>
						<height>164</height>
						<texture background="true">$VAR[ListClearartClearlogo]</texture>
						<fadetime>200</fadetime>
						<aspectratio aligny="center">keep</aspectratio>
						<animation type="Focus" reversible="false">
							<effect type="zoom" center="auto" start="50" end="100" time="400" tween="back" easing="out" />
						</animation>
					</control>
				</focusedlayout>
			</control>
			<!-- Browser labels -->
			<!-- Title -->
			<control type="label">
				<posx>40</posx>
				<posy>472</posy>
				<width>1200</width>
				<height>30</height>
				<align>center</align>
				<aligny>center</aligny>
				<font>METF_TitleTextLarge</font>
				<textcolor>TitleText</textcolor>
				<label>$INFO[ListItem.Label]</label>
				<include>Animation_OpenCloseFade</include>
				<include>Animation_FadedByMenu</include>
				<include>Animation_HiddenByInfo</include>
				<visible>Window.IsActive(videolibrary) + [Container.Content(tvshows) | Container.Content(movies)]</visible>
			</control>
			<control type="grouplist">
				<posx>40</posx>
				<posy>505</posy>
				<width>1200</width>
				<height>30</height>
				<align>center</align>
				<itemgap>10</itemgap>
				<orientation>horizontal</orientation>
				<include>Animation_OpenCloseFade</include>
				<include>Animation_FadedByMenu</include>
				<include>Animation_HiddenByInfo</include>
				<visible>Window.IsActive(VideoLibrary) + [Container.Content(movies) | Container.Content(tvshows)]</visible>
				<include>VisibleIfNotMovieSet</include>
				<!-- Genre -->
				<control type="label">
					<width min="25" max="1200">auto</width>
					<height>30</height>
					<aligny>center</aligny>
					<font>METF_MediaDetailsSmall</font>
					<textcolor>MediaDetailsGenre</textcolor>
					<label>$INFO[ListItem.Genre]</label>
					<visible>!IsEmpty(ListItem.Genre)</visible>
				</control>
				<!-- Bullet -->
				<control type="image">
					<width>8</width>
					<height>32</height>
					<texture>Dot.png</texture>
					<aspectratio align="center" aligny="center">keep</aspectratio>
					<colordiffuse>BulletDiffuse</colordiffuse>
					<visible>![IsEmpty(ListItem.Genre) | IsEmpty(ListItem.Year)]</visible>
				</control>
				<!-- Year -->
				<control type="label">
					<width min="25" max="1200">auto</width>
					<height>30</height>
					<aligny>center</aligny>
					<font>METF_MediaDetailsSmall</font>
					<textcolor>MediaDetailsYear</textcolor>
					<label>$INFO[ListItem.Year]</label>
					<visible>!IsEmpty(ListItem.Year)</visible>
				</control>
				<!-- Bullet -->
				<control type="image">
					<width>8</width>
					<height>32</height>
					<texture>Dot.png</texture>
					<aspectratio align="center" aligny="center">keep</aspectratio>
					<colordiffuse>BulletDiffuse</colordiffuse>
					<visible>![IsEmpty(ListItem.Year) | IsEmpty(ListItem.Duration)]</visible>
				</control>
				<!-- Duration -->
				<control type="label">
					<width min="25" max="1200">auto</width>
					<height>30</height>
					<aligny>center</aligny>
					<font>METF_MediaDetailsSmall</font>
					<textcolor>MediaDetailsDuration</textcolor>
					<label>$INFO[ListItem.Duration,, [LOWERCASE]$LOCALIZE[31299][/LOWERCASE]]</label>
					<visible>!IsEmpty(ListItem.Duration) + !SubString(ListItem.Duration,min) + !Container.Content(tvshows)</visible>
				</control>
				<control type="label">
					<width min="25" max="1200">auto</width>
					<height>30</height>
					<aligny>center</aligny>
					<font>METF_MediaDetailsSmall</font>
					<textcolor>MediaDetailsDuration</textcolor>
					<label>$INFO[ListItem.Duration]</label>
					<visible>!IsEmpty(ListItem.Duration) + SubString(ListItem.Duration,min) + !Container.Content(tvshows)</visible>
				</control>
				<!-- Bullet -->
				<control type="image">
					<width>8</width>
					<height>32</height>
					<texture>Dot.png</texture>
					<aspectratio align="center" aligny="center">keep</aspectratio>
					<colordiffuse>BulletDiffuse</colordiffuse>
					<visible>![IsEmpty(ListItem.Duration) | IsEmpty(ListItem.Property(TotalEpisodes))] + !Container.Content(tvshows)</visible>
				</control>
				<!-- Episode Count -->
				<control type="label">
					<width min="25" max="1200">auto</width>
					<height>30</height>
					<aligny>center</aligny>
					<font>METF_MediaDetailsSmall</font>
					<textcolor>MediaDetailsEpisodes</textcolor>
					<label>$INFO[ListItem.Property(TotalEpisodes)] $LOCALIZE[20360]</label>
					<visible>!IsEmpty(ListItem.Property(TotalEpisodes)) + Container.Content(tvshows)</visible>
				</control>
				<!-- Bullet -->
				<control type="image">
					<width>8</width>
					<height>32</height>
					<texture>Dot.png</texture>
					<aspectratio align="center" aligny="center">keep</aspectratio>
					<colordiffuse>BulletDiffuse</colordiffuse>
					<visible>!IsEmpty(ListItem.Property(TotalEpisodes)) + Container.Content(tvshows)</visible>
				</control>
				<!-- Unwatched Episode Count -->
				<control type="label">
					<width min="25" max="1200">auto</width>
					<height>30</height>
					<aligny>center</aligny>
					<font>METF_MediaDetailsSmall</font>
					<textcolor>MediaDetailsEpisodes</textcolor>
					<label>$INFO[ListItem.Property(UnWatchedEpisodes)] $LOCALIZE[16101]</label>
					<visible>!IsEmpty(ListItem.Property(TotalEpisodes)) + Container.Content(tvshows)</visible>
				</control>
			</control>
			<!-- Movie Sets -->
			<control type="label">
				<posx>240</posx>
				<posy>503</posy>
				<width>800</width>
				<height>30</height>
				<align>center</align>
				<aligny>center</aligny>
				<font>METF_MediaDetailsSmall</font>
				<textcolor>MediaDetailsGenre</textcolor>
				<label>$LOCALIZE[31313]</label>
				<include>Animation_FadedByMenu</include>
				<include>Animation_HiddenByInfo</include>
				<include>Animation_OpenCloseFade</include>
				<include>VisibleIfMovieSet</include>
			</control>
			<include>ScrollBar_Horizontal</include>
		</control>
	</include>
</includes>
