<?xml version="1.0" encoding="UTF-8"?>
<includes>
	<include name="Viewtype_Banner">
		<control type="group">
			<visible>Control.IsVisible(511)</visible>
			<!-- Browser -->
			<control type="panel" id="511">
				<viewtype label="$LOCALIZE[31286]">wide</viewtype>
				<posx>40</posx>
				<posy>340</posy>
				<height>192</height>
				<width>1200</width>
				<include condition="!Skin.HasSetting(ViewLockdown)">OnLeft7000</include>
				<ondown>511</ondown>
				<onup>511</onup>
				<pagecontrol>-</pagecontrol>
				<orientation>vertical</orientation>
				<preloaditems>2</preloaditems>
				<scrolltime>200</scrolltime>
				<include>Animation_OpenCloseFade</include>
				<include>Animation_FadedByMenu</include>
				<include>Animation_HiddenByInfo</include>
				<visible>!Skin.HasSetting(NoViewBanner)</visible>
				<visible>Window.IsActive(videolibrary) + Container.Content(tvshows)</visible>
				<itemlayout width="400" height="96">
					<control type="image">
						<posx>12</posx>
						<posy>15</posy>
						<width>375</width>
						<height>70</height>
						<texture>frames/banner_diffuse.png</texture>
						<colordiffuse>FrameBackgroundDiffuse</colordiffuse>
						<visible>!IsEmpty(ListItem.Title)</visible>
					</control>
					<control type="image">
						<posx>12</posx>
						<posy>15</posy>
						<width>375</width>
						<height>70</height>
						<texture background="true" diffuse="frames/banner_diffuse.png">$INFO[ListItem.Icon]</texture>
						<aspectratio scalediffuse="true">keep</aspectratio>
						<visible>IsEmpty(ListItem.Title)</visible>
					</control>
					<control type="image">
						<posx>12</posx>
						<posy>15</posy>
						<width>375</width>
						<height>70</height>
						<texture background="true" fallback="default_banner.png" diffuse="frames/banner_diffuse.png">$INFO[ListItem.Art(banner)]</texture>
						<aspectratio scalediffuse="true">stretch</aspectratio>
						<visible>!IsEmpty(ListItem.Title)</visible>
					</control>
					<control type="image">
						<posx>4</posx>
						<posy>7</posy>
						<width>390</width>
						<height>86</height>
						<texture background="true">frames/banner_frame2.png</texture>
						<aspectratio scalediffuse="true">stretch</aspectratio>
					</control>
					<control type="image">
						<posx>354</posx>
						<posy>52</posy>
						<width>28</width>
						<height>28</height>
						<texture>$INFO[ListItem.Overlay]</texture>
						<colordiffuse>WatchedOverlay</colordiffuse>
						<visible>!Skin.HasSetting(HideTVWatchedOverlays)</visible>
					</control>
				</itemlayout>
				<focusedlayout width="400" height="96">
					<control type="image">
						<posx>12</posx>
						<posy>15</posy>
						<width>375</width>
						<height>70</height>
						<texture>frames/banner_diffuse.png</texture>
						<colordiffuse>FrameBackgroundDiffuse</colordiffuse>
						<animation reversible="false" effect="zoom" center="auto" start="100" end="115" time="200" tween="sine" easing="inout">focus</animation>
						<animation reversible="false" effect="zoom" center="auto" start="115" end="100" time="200" tween="sine" easing="inout">unfocus</animation>
						<visible>!IsEmpty(ListItem.Title)</visible>
					</control>
					<control type="image">
						<posx>12</posx>
						<posy>15</posy>
						<width>375</width>
						<height>70</height>
						<texture background="true" diffuse="frames/banner_diffuse.png">$INFO[ListItem.Icon]</texture>
						<aspectratio scalediffuse="true">keep</aspectratio>
						<animation reversible="false" effect="zoom" center="auto" start="100" end="115" time="200" tween="sine" easing="inout">focus</animation>
						<animation reversible="false" effect="zoom" center="auto" start="115" end="100" time="200" tween="sine" easing="inout">unfocus</animation>
						<visible>IsEmpty(ListItem.Title)</visible>
					</control>
					<control type="image">
						<posx>12</posx>
						<posy>15</posy>
						<width>375</width>
						<height>70</height>
						<texture background="true" fallback="default_banner.png" diffuse="frames/banner_diffuse.png">$INFO[ListItem.Art(banner)]</texture>
						<aspectratio scalediffuse="true">stretch</aspectratio>
						<animation reversible="false" effect="zoom" center="auto" start="100" end="115" time="200" tween="sine" easing="inout">focus</animation>
						<animation reversible="false" effect="zoom" center="auto" start="115" end="100" time="200" tween="sine" easing="inout">unfocus</animation>
						<visible>!IsEmpty(ListItem.Title)</visible>
					</control>
					<control type="image">
						<posx>4</posx>
						<posy>7</posy>
						<width>390</width>
						<height>86</height>
						<texture background="true">frames/banner_frame2.png</texture>
						<aspectratio scalediffuse="true">stretch</aspectratio>
						<animation reversible="false" effect="zoom" center="auto" start="100" end="115" time="200" tween="sine" easing="inout">focus</animation>
						<animation reversible="false" effect="zoom" center="auto" start="115" end="100" time="200" tween="sine" easing="inout">unfocus</animation>
					</control>
					<control type="image">
						<posx>354</posx>
						<posy>52</posy>
						<width>28</width>
						<height>28</height>
						<texture>$INFO[ListItem.Overlay]</texture>
						<colordiffuse>WatchedOverlay</colordiffuse>
						<animation reversible="false" effect="zoom" center="195,43" start="100" end="115" time="200" tween="sine" easing="inout">focus</animation>
						<animation reversible="false" effect="zoom" center="195,43" start="115" end="100" time="200" tween="sine" easing="inout">unfocus</animation>
						<visible>!Skin.HasSetting(HideTVWatchedOverlays)</visible>
					</control>
				</focusedlayout>
			</control>
			<!-- Browser label and flags -->
			<!-- Title -->
			<control type="label">
				<posx>40</posx>
				<posy>280</posy>
				<width>1200</width>
				<height>30</height>
				<align>center</align>
				<aligny>center</aligny>
				<font>METF_TitleTextLarge</font>
				<textcolor>TitleText</textcolor>
				<label>$INFO[ListItem.Label]</label>
				<include>Animation_OpenCloseFade</include>
				<include>Animation_FadedByMenu</include>
				<include>Animation_HiddenByInfo</include>
				<visible>Window.IsActive(videolibrary) + Container.Content(tvshows)</visible>
			</control>
			
			<control type="grouplist">
				<posx>40</posx>
				<posy>310</posy>
				<width>1200</width>
				<height>30</height>
				<align>center</align>
				<itemgap>10</itemgap>
				<orientation>horizontal</orientation>
				<include>Animation_OpenCloseFade</include>
				<include>Animation_FadedByMenu</include>
				<include>Animation_HiddenByInfo</include>
				<visible>Window.IsActive(videolibrary) + Container.Content(tvshows)</visible>
				<!-- Genre -->
				<control type="label">
					<width min="25" max="1200">auto</width>
					<height>30</height>
					<aligny>center</aligny>
					<font>METF_MediaDetailsSmall</font>
					<textcolor>MediaDetailsGenre</textcolor>
					<label>$INFO[ListItem.Genre]</label>
					<visible>!IsEmpty(ListItem.Genre)</visible>
				</control>
				<!-- Bullet -->
				<control type="image">
					<width>8</width>
					<height>32</height>
					<texture>Dot.png</texture>
					<aspectratio align="center" aligny="center">keep</aspectratio>
					<colordiffuse>BulletDiffuse</colordiffuse>
					<visible>![IsEmpty(ListItem.Genre) | IsEmpty(ListItem.Year)]</visible>
				</control>
				<!-- Year -->
				<control type="label">
					<width min="25" max="1200">auto</width>
					<height>30</height>
					<aligny>center</aligny>
					<font>METF_MediaDetailsSmall</font>
					<textcolor>MediaDetailsYear</textcolor>
					<label>$INFO[ListItem.Year]</label>
					<visible>!IsEmpty(ListItem.Year)</visible>
				</control>
				<!-- Bullet -->
				<control type="image">
					<width>8</width>
					<height>32</height>
					<texture>Dot.png</texture>
					<aspectratio align="center" aligny="center">keep</aspectratio>
					<colordiffuse>BulletDiffuse</colordiffuse>
					<visible>![IsEmpty(ListItem.Year) | IsEmpty(ListItem.Property(TotalEpisodes))]</visible>
				</control>
				<!-- Episode Count -->
				<control type="label">
					<width min="25" max="1200">auto</width>
					<height>30</height>
					<aligny>center</aligny>
					<font>METF_MediaDetailsSmall</font>
					<textcolor>MediaDetailsEpisodes</textcolor>
					<label>$INFO[ListItem.Property(TotalEpisodes)] $LOCALIZE[20360]</label>
					<visible>!IsEmpty(ListItem.Property(TotalEpisodes))</visible>
				</control>
				<!-- Bullet -->
				<control type="image">
					<width>8</width>
					<height>32</height>
					<texture>Dot.png</texture>
					<aspectratio align="center" aligny="center">keep</aspectratio>
					<colordiffuse>BulletDiffuse</colordiffuse>
					<visible>!IsEmpty(ListItem.Property(TotalEpisodes))</visible>
				</control>
				<!-- Unwatched Episode Count -->
				<control type="label">
					<width min="25" max="1200">auto</width>
					<height>30</height>
					<aligny>center</aligny>
					<font>METF_MediaDetailsSmall</font>
					<textcolor>MediaDetailsEpisodes</textcolor>
					<label>$INFO[ListItem.Property(UnWatchedEpisodes)] $LOCALIZE[16101]</label>
					<visible>!IsEmpty(ListItem.Property(TotalEpisodes))</visible>
				</control>
			</control>
			<!-- Arrows -->
			<control type="group">
				<include>Animation_OpenCloseFade</include>
				<include>Animation_FadedByMenu</include>
				<include>Animation_HiddenByInfo</include>
				<visible>Window.IsActive(videolibrary)</visible>
				<control type="image">
					<posx>10</posx>
					<posy>313</posy>
					<width>24</width>
					<height>24</height>
					<texture>Arrow2Up.png</texture>
					<colordiffuse>ArrowDiffuse</colordiffuse>
					<visible>Container.HasPrevious</visible>
				</control>
				<control type="image">
					<posx>1246</posx>
					<posy>313</posy>
					<width>24</width>
					<height>24</height>
					<texture>Arrow2Down.png</texture>
					<colordiffuse>ArrowDiffuse</colordiffuse>
					<visible>Container.HasNext</visible>
				</control>
			</control>
		</control>
	</include>
</includes>
