<colors>

	<color name="Clear">00FFFFFF</color> <!-- dont change -->
	<color name="Black">FF000000</color>
	<color name="White">FFFFFFFF</color>
	<color name="Red">FFFF0000</color>
	<color name="Blue">FF0000FF</color>
	<color name="Grey">50000000</color>

	<!-- Metropolis Leather Colors -->
	<!-- Global Colors -->
	<color name="BackgroundColor">F0FFFFFF</color>
	<color name="FanartDiffuse">26FFFFFF</color>
	<color name="FrameBackgroundDiffuse">dd000000</color>
	<color name="Time">ddFFFFFF</color>
	<color name="TimeAMPM">FFd0a664</color>
	<color name="Date">ddb4e58d</color>
	<color name="Temp">FFd0a664</color>
	<color name="GlobalHeading">eeb4e58d</color>
	<color name="GlobalHeadingDetails">FFFFFFFF</color>
	<color name="HelpText">FFc89008</color>
	<color name="HelpArrowDiffuse">FFb4e58d</color>
	<color name="TextNF">eeFFFFFF</color>
	<color name="TextFO">FFb4e58d</color>
	<color name="TextDisabled">FFff5858</color>
	<color name="LowerText">eeFFFFFF</color>
	<color name="ButtonText">eeFFFFFF</color>
	<color name="ButtonDiffuse">89FFFFFF</color>
		
	<!-- Home Screen -->
	<color name="HomeMenuText">ddFFFFFF</color>
	<color name="HomeMenuTextFocused">FFd0a664</color>
	<color name="SubmenuText">ddFFFFFF</color>
	<color name="SubmenuTextFocused">FFc89008</color>
	<color name="RSSText">FFd0a664</color>
	<color name="RSSHeadline">FFFFFFFF</color>
	<color name="RSSTitle">FF3c95c8</color>
	<color name="RecentlyAddedNF">eeFFFFFF</color>
	<color name="RecentlyAddedFO">eef8cd22</color>
	<color name="HomeStatsCategory">eef8cd22</color>
	<color name="HomeStatsNumber">ddFFFFFF</color>
	<color name="XBMCLogoDiffuse">eeFFFFFF</color>
	<color name="Home2SkinName">FFc89008</color>
	
	<!-- Media Flags -->
	<color name="MediaFlagDiffuse">ddFFFFFF</color>
	<color name="MediaFlagBoxDiffuse">dd7c623a</color>
	<color name="RatingStarDiffuse">bb3dd76c</color>
	<color name="IMDbDiffuse">eed0b331</color>

	<!-- Viewtypes -->
	<color name="TitleText">FFFFFFFF</color>
	<color name="MediaDetailsGenre">FFd0a664</color>
	<color name="MediaDetailsInfo">eeb4e58d</color>
	<color name="MediaDetailsYear">eeb4e58d</color>
	<color name="MediaDetailsDuration">eeb4e58d</color>
	<color name="MediaDetailsEpisodes">eeb4e58d</color>
	<color name="WatchedOverlay">FFc89008</color>
	<color name="BulletDiffuse">ddFFFFFF</color>
	<color name="ArrowDiffuse">FFc89008</color>
	<color name="BannerFrameNF">eeb4e58d</color>
	<color name="GlassDiffuse">89FFFFFF</color>
	<color name="FocusBar">60b4e58d</color>						<!-- 70b4e58d -->
	<color name="FocusBarText">FFFFFFFF</color>

	<!-- Low List View -->
	<color name="LowListTitle">ddd4c2c2</color>
	<color name="LowListDivider">aaFFFFFF</color>
	
	<!-- Landscape View -->
	<color name="LandscapeDiffuse">89FFFFFF</color>

	<!-- Coverflow View -->
	<color name="PosterDiffuse">89FFFFFF</color>
	
	<!-- Files View -->
	<color name="FilesDividerDiffuse">20FFFFFF</color>
	<color name="FilesStarDiffuse">bb3dd76c</color>
	
	<!-- Settings -->
	<color name="SettingsHeading">FFb4e58d</color>
	<color name="SettingsDetail">ddFFFFFF</color>
	<color name="SettingsLine">88727272</color>
	<color name="SettingsTitle">eeb4e58d</color>
	
	<!-- Info -->
	<color name="InfoLines">60d0a664</color>
	<color name="MPAADescription">eeb4e58d</color>
	
	<!-- OSD -->
	<color name="OSDBackgroundColor">ddFFFFFF</color>
	<color name="OSDDialogBackgroundColor">a0e8d4b4</color>		<!-- FFd0a664 -->
	<color name="OSDProgressBar">ddb4e58d</color>
	<color name="OSDFinishTime">FFFFFFFF</color>
	<color name="OSDPlayerStatusText">ddc89008</color>
	<color name="OSDBookmarkNF">32FFFFFF</color>
	<color name="OSDBookmarkFO">60b4e58d</color>
	
	<!-- Dialogs -->
	<color name="DialogBackgroundColor">FFe8d4b4</color>		<!-- FFd0a664 -->
	<color name="DialogDropdownColor">FFe8d4b4</color>
	<color name="DialogProgressBar">ddb4e58d</color>
	<color name="DialogTextFO">eeb4e58d</color>

	<!-- Weather -->
	<color name="WeatherBGDiffuse">29b4e58d</color>
	<color name="WeatherDay">FFd0a664</color>
	<color name="WeatherHighTemp">FFd0a664</color>
	<color name="WeatherLowTemp">eeFFFFFF</color>
	<color name="WeatherHeading">FFb4e58d</color>
	<color name="WeatherDetails">FFFFFFFF</color>
	
	<!-- Now Playing -->
	<color name="NowPlayingTitle">ddc89008</color>				<!-- Now Playing in large frame on Default home screen -->
	<color name="NowPlayingDetails">FFFFFFFF</color>			<!-- Now Playing in large frame on Default home screen -->
	<color name="NowPlayingTitle2">eef8cd22</color>				<!-- Now Playing text on dropdown -->
	<color name="NowPlayingDetails2">eeFFFFFF</color>			<!-- Now Playing text on dropdown -->
	
	
	
	<!-- Alaska Revisited Colors -->

	<!-- Background/Dialog colours -->
	<color name="PicturesDiffuse">52FFFFFF</color>				<!-- Fullscreen Picture background colour and transparency-->
	<color name="DialogBackgroundColour">FFFFFFFF</color>		<!-- dialogback.png colour and transparency -->
	<color name="GlobalColour">FFFFFFFF</color>					<!-- background.png colour - dont change transparency -->
	<color name="GlobalContextColour">32FFFFFF</color>			<!-- Context Menu colour and transparency -->

	<!-- Global colours -->
	<color name="GlobalDialog">FF686868</color>
	<color name="GlobalDialogDetails">FF686868</color>
	<color name="NowPlayingWindowFocus">FF0000ff</color>
	

</colors>
